ISO-10303-21;
HEADER;
FILE_DESCRIPTION (( 'STEP AP214' ),
    '1' );
FILE_NAME ('Orelha Direita 2025 V1.STEP',
    '2026-05-19T15:35:04',
    ( '' ),
    ( '' ),
    'SwSTEP 2.0',
    'SolidWorks 2024',
    '' );
FILE_SCHEMA (( 'AUTOMOTIVE_DESIGN' ));
ENDSEC;

DATA;
#1 = CARTESIAN_POINT ( 'NONE',  ( -25.71067811865475505, -52.07106781186547551, 6.500000000000000000 ) ) ;
#2 = EDGE_LOOP ( 'NONE', ( #507, #976 ) ) ;
#3 = CARTESIAN_POINT ( 'NONE',  ( 62.74204024635073296, 4.000000000000010658, 0.001621735089766228322 ) ) ;
#4 = ORIENTED_EDGE ( 'NONE', *, *, #776, .F. ) ;
#5 = LINE ( 'NONE', #504, #119 ) ;
#6 = DIRECTION ( 'NONE',  ( -0.000000000000000000, -1.000000000000000000, -0.000000000000000000 ) ) ;
#7 = EDGE_CURVE ( 'NONE', #1365, #280, #1067, .T. ) ;
#8 = CARTESIAN_POINT ( 'NONE',  ( 70.24204024634975951, 10.00000000000000888, -6.500000000000000000 ) ) ;
#9 = VECTOR ( 'NONE', #1079, 1000.000000000000000 ) ;
#10 = CIRCLE ( 'NONE', #91, 2.499999999999998668 ) ;
#11 = ORIENTED_EDGE ( 'NONE', *, *, #451, .T. ) ;
#12 = DIRECTION ( 'NONE',  ( -0.000000000000000000, -0.000000000000000000, -1.000000000000000000 ) ) ;
#13 = CIRCLE ( 'NONE', #143, 2.500000000000002220 ) ;
#14 = ORIENTED_EDGE ( 'NONE', *, *, #1104, .F. ) ;
#15 = VECTOR ( 'NONE', #527, 1000.000000000000000 ) ;
#16 = CARTESIAN_POINT ( 'NONE',  ( 72.74204024634978794, 0.000000000000000000, 6.500000000000000000 ) ) ;
#17 = CARTESIAN_POINT ( 'NONE',  ( 37.74204024634978083, -38.99999999999998579, -1.500000000000003997 ) ) ;
#18 = CARTESIAN_POINT ( 'NONE',  ( -25.71067811865475505, -52.07106781186547551, -6.500000000000000000 ) ) ;
#19 = ADVANCED_FACE ( 'NONE', ( #278 ), #1394, .F. ) ;
#20 = EDGE_LOOP ( 'NONE', ( #1500, #1474, #1358, #1307 ) ) ;
#21 = DIRECTION ( 'NONE',  ( 0.000000000000000000, 0.000000000000000000, -1.000000000000000000 ) ) ;
#22 = VERTEX_POINT ( 'NONE', #661 ) ;
#23 = CYLINDRICAL_SURFACE ( 'NONE', #274, 2.500000000000002220 ) ;
#24 = CARTESIAN_POINT ( 'NONE',  ( -34.95000000000000284, 1.830846964725292910E-15, -2.499999999999999556 ) ) ;
#25 = CARTESIAN_POINT ( 'NONE',  ( -10.95543107805819183, -16.59368514753785462, 3.500000000000000444 ) ) ;
#26 = ORIENTED_EDGE ( 'NONE', *, *, #1032, .T. ) ;
#27 = CARTESIAN_POINT ( 'NONE',  ( 37.74204024634978083, -42.99999999999998579, 0.000000000000000000 ) ) ;
#28 = EDGE_CURVE ( 'NONE', #280, #1565, #380, .T. ) ;
#29 = ORIENTED_EDGE ( 'NONE', *, *, #1428, .T. ) ;
#30 = DIRECTION ( 'NONE',  ( -0.000000000000000000, 0.000000000000000000, -1.000000000000000000 ) ) ;
#31 = DIRECTION ( 'NONE',  ( 0.000000000000000000, 1.000000000000000000, 0.000000000000000000 ) ) ;
#32 = DIRECTION ( 'NONE',  ( -0.000000000000000000, 0.000000000000000000, -1.000000000000000000 ) ) ;
#33 = ORIENTED_EDGE ( 'NONE', *, *, #127, .T. ) ;
#34 = DIRECTION ( 'NONE',  ( -0.000000000000000000, -0.000000000000000000, -1.000000000000000000 ) ) ;
#35 = AXIS2_PLACEMENT_3D ( 'NONE', #529, #130, #1400 ) ;
#36 = VERTEX_POINT ( 'NONE', #768 ) ;
#37 = AXIS2_PLACEMENT_3D ( 'NONE', #291, #1316, #1323 ) ;
#38 = EDGE_CURVE ( 'NONE', #820, #261, #668, .T. ) ;
#39 = VECTOR ( 'NONE', #34, 1000.000000000000000 ) ;
#40 = PLANE ( 'NONE',  #730 ) ;
#41 = ADVANCED_FACE ( 'NONE', ( #1143 ), #414, .F. ) ;
#42 = DIRECTION ( 'NONE',  ( 0.000000000000000000, 1.000000000000000000, 0.000000000000000000 ) ) ;
#43 = AXIS2_PLACEMENT_3D ( 'NONE', #1375, #121, #250 ) ;
#44 = CIRCLE ( 'NONE', #1334, 10.00000000000000000 ) ;
#45 = DIRECTION ( 'NONE',  ( 0.000000000000000000, -0.000000000000000000, -1.000000000000000000 ) ) ;
#46 = VERTEX_POINT ( 'NONE', #536 ) ;
#47 = CARTESIAN_POINT ( 'NONE',  ( 67.74204024634977372, -42.99999999999998579, 0.000000000000000000 ) ) ;
#48 = ORIENTED_EDGE ( 'NONE', *, *, #102, .T. ) ;
#49 = CARTESIAN_POINT ( 'NONE',  ( -12.95543107805818828, -16.59368514753785462, 3.500000000000000444 ) ) ;
#50 = DIRECTION ( 'NONE',  ( -0.000000000000000000, -0.000000000000000000, 1.000000000000000000 ) ) ;
#51 = ADVANCED_FACE ( 'NONE', ( #506 ), #402, .T. ) ;
#52 = CARTESIAN_POINT ( 'NONE',  ( 70.24204024634977372, 6.500000000000009770, -6.500000000000000000 ) ) ;
#53 = EDGE_LOOP ( 'NONE', ( #1601, #313 ) ) ;
#54 = DIRECTION ( 'NONE',  ( 1.000000000000000000, 0.000000000000000000, 0.000000000000000000 ) ) ;
#55 = VERTEX_POINT ( 'NONE', #635 ) ;
#56 = DIRECTION ( 'NONE',  ( 1.000000000000000000, 0.000000000000000000, 0.000000000000000000 ) ) ;
#57 = DIRECTION ( 'NONE',  ( -1.000000000000000000, 0.000000000000000000, 0.000000000000000000 ) ) ;
#58 = DIRECTION ( 'NONE',  ( 1.000000000000000000, 0.000000000000000000, 0.000000000000000000 ) ) ;
#59 = EDGE_CURVE ( 'NONE', #1266, #1496, #459, .T. ) ;
#60 = ORIENTED_EDGE ( 'NONE', *, *, #286, .T. ) ;
#61 = DIRECTION ( 'NONE',  ( -0.000000000000000000, -0.000000000000000000, -1.000000000000000000 ) ) ;
#62 = ORIENTED_EDGE ( 'NONE', *, *, #279, .T. ) ;
#63 = AXIS2_PLACEMENT_3D ( 'NONE', #420, #1186, #69 ) ;
#64 = VECTOR ( 'NONE', #147, 1000.000000000000000 ) ;
#65 = APPLICATION_PROTOCOL_DEFINITION ( 'draft international standard', 'automotive_design', 1998, #572 ) ;
#66 = DIRECTION ( 'NONE',  ( 0.000000000000000000, 0.000000000000000000, -1.000000000000000000 ) ) ;
#67 = VECTOR ( 'NONE', #1205, 1000.000000000000000 ) ;
#68 = FACE_OUTER_BOUND ( 'NONE', #1460, .T. ) ;
#69 = DIRECTION ( 'NONE',  ( -1.000000000000000000, 0.000000000000000000, 0.000000000000000000 ) ) ;
#70 = AXIS2_PLACEMENT_3D ( 'NONE', #1263, #868, #874 ) ;
#71 = ORIENTED_EDGE ( 'NONE', *, *, #7, .T. ) ;
#72 = FACE_BOUND ( 'NONE', #1572, .T. ) ;
#73 = EDGE_CURVE ( 'NONE', #1581, #1266, #1167, .T. ) ;
#74 = EDGE_LOOP ( 'NONE', ( #762, #1528, #558, #1099 ) ) ;
#75 = CARTESIAN_POINT ( 'NONE',  ( 42.74204024635072585, 4.000000000000010658, -1.998378264911569113 ) ) ;
#76 = CARTESIAN_POINT ( 'NONE',  ( -18.63961030678927244, -54.99999999999999289, -6.500000000000000000 ) ) ;
#77 = CARTESIAN_POINT ( 'NONE',  ( 42.74204024635072585, 10.00000000000000888, 0.001621735087470321801 ) ) ;
#78 = VERTEX_POINT ( 'NONE', #395 ) ;
#79 = CARTESIAN_POINT ( 'NONE',  ( -10.95543107805819183, -16.59368514753785462, 3.500000000000000444 ) ) ;
#80 = EDGE_LOOP ( 'NONE', ( #1381, #298, #1445, #734 ) ) ;
#81 = EDGE_CURVE ( 'NONE', #364, #152, #514, .T. ) ;
#82 = DIRECTION ( 'NONE',  ( 0.000000000000000000, 0.000000000000000000, -1.000000000000000000 ) ) ;
#83 = CARTESIAN_POINT ( 'NONE',  ( 72.74204024634978794, 6.500000000000009770, -6.500000000000000000 ) ) ;
#84 = DIRECTION ( 'NONE',  ( -8.308481716169681488E-16, 1.000000000000000000, 0.000000000000000000 ) ) ;
#85 = EDGE_LOOP ( 'NONE', ( #1155, #164, #409, #578 ) ) ;
#86 = DIRECTION ( 'NONE',  ( 1.000000000000000000, 0.000000000000000000, 0.000000000000000000 ) ) ;
#87 = ORIENTED_EDGE ( 'NONE', *, *, #1328, .F. ) ;
#88 = EDGE_CURVE ( 'NONE', #567, #152, #1538, .T. ) ;
#89 = AXIS2_PLACEMENT_3D ( 'NONE', #1355, #1069, #1061 ) ;
#90 = CARTESIAN_POINT ( 'NONE',  ( 32.74204024634980215, -48.99999999999998579, 6.500000000000000000 ) ) ;
#91 = AXIS2_PLACEMENT_3D ( 'NONE', #1622, #101, #606 ) ;
#92 = DIRECTION ( 'NONE',  ( -0.000000000000000000, 0.000000000000000000, 1.000000000000000000 ) ) ;
#93 = ADVANCED_FACE ( 'NONE', ( #778 ), #1513, .T. ) ;
#94 = LINE ( 'NONE', #611, #1324 ) ;
#95 = CIRCLE ( 'NONE', #1329, 1.500000000000003997 ) ;
#96 = AXIS2_PLACEMENT_3D ( 'NONE', #608, #982, #989 ) ;
#97 = ORIENTED_EDGE ( 'NONE', *, *, #495, .F. ) ;
#98 = DIRECTION ( 'NONE',  ( 1.000000000000000000, 0.000000000000000000, 0.000000000000000000 ) ) ;
#99 = ORIENTED_EDGE ( 'NONE', *, *, #1262, .T. ) ;
#100 = DIRECTION ( 'NONE',  ( -1.000000000000000000, 0.000000000000000000, 0.000000000000000000 ) ) ;
#101 = DIRECTION ( 'NONE',  ( 0.000000000000000000, 0.000000000000000000, 1.000000000000000000 ) ) ;
#102 = EDGE_CURVE ( 'NONE', #564, #46, #1454, .T. ) ;
#103 = DIRECTION ( 'NONE',  ( 0.000000000000000000, -0.000000000000000000, -1.000000000000000000 ) ) ;
#104 = LINE ( 'NONE', #1118, #646 ) ;
#105 = ORIENTED_EDGE ( 'NONE', *, *, #1090, .T. ) ;
#106 = CARTESIAN_POINT ( 'NONE',  ( -22.37543107805819531, -27.59368514753785107, 3.500000000000000444 ) ) ;
#107 = CARTESIAN_POINT ( 'NONE',  ( 32.74204024634977372, 12.50000000000000711, -6.500000000000000000 ) ) ;
#108 = EDGE_CURVE ( 'NONE', #1107, #1253, #388, .T. ) ;
#109 = EDGE_LOOP ( 'NONE', ( #583, #1419 ) ) ;
#110 = DIRECTION ( 'NONE',  ( -0.000000000000000000, 0.000000000000000000, 1.000000000000000000 ) ) ;
#111 = ORIENTED_EDGE ( 'NONE', *, *, #1341, .F. ) ;
#112 = EDGE_LOOP ( 'NONE', ( #892, #1146 ) ) ;
#113 = CARTESIAN_POINT ( 'NONE',  ( -22.37543107805819531, -27.59368514753785107, 3.500000000000000444 ) ) ;
#114 = FACE_OUTER_BOUND ( 'NONE', #321, .T. ) ;
#115 = ORIENTED_EDGE ( 'NONE', *, *, #1184, .T. ) ;
#116 = CARTESIAN_POINT ( 'NONE',  ( 35.24204024634977372, -40.49999999999997158, -6.500000000000000000 ) ) ;
#117 = AXIS2_PLACEMENT_3D ( 'NONE', #1402, #663, #270 ) ;
#118 = EDGE_LOOP ( 'NONE', ( #246, #1342 ) ) ;
#119 = VECTOR ( 'NONE', #1235, 1000.000000000000114 ) ;
#120 = DIRECTION ( 'NONE',  ( 0.000000000000000000, 1.000000000000000000, -0.000000000000000000 ) ) ;
#121 = DIRECTION ( 'NONE',  ( 0.000000000000000000, 0.000000000000000000, -1.000000000000000000 ) ) ;
#122 = SURFACE_STYLE_USAGE ( .BOTH. , #651 ) ;
#123 = VERTEX_POINT ( 'NONE', #18 ) ;
#124 = VERTEX_POINT ( 'NONE', #1411 ) ;
#125 = FACE_OUTER_BOUND ( 'NONE', #1591, .T. ) ;
#126 = VERTEX_POINT ( 'NONE', #1 ) ;
#127 = EDGE_CURVE ( 'NONE', #1025, #1213, #285, .T. ) ;
#128 = CARTESIAN_POINT ( 'NONE',  ( -18.63961030678927244, -45.00000000000000000, -6.500000000000000000 ) ) ;
#129 = LINE ( 'NONE', #1020, #241 ) ;
#130 = DIRECTION ( 'NONE',  ( 0.000000000000000000, 0.000000000000000000, 1.000000000000000000 ) ) ;
#131 = ORIENTED_EDGE ( 'NONE', *, *, #1553, .T. ) ;
#132 = DIRECTION ( 'NONE',  ( 1.000000000000000000, 0.000000000000000000, 0.000000000000000000 ) ) ;
#133 = ORIENTED_EDGE ( 'NONE', *, *, #729, .T. ) ;
#134 = ADVANCED_FACE ( 'NONE', ( #1294 ), #1029, .F. ) ;
#135 = CARTESIAN_POINT ( 'NONE',  ( 32.74204024634977372, 0.000000000000000000, 6.500000000000000000 ) ) ;
#136 = CARTESIAN_POINT ( 'NONE',  ( 0.000000000000000000, 0.000000000000000000, 6.500000000000000000 ) ) ;
#137 = DIRECTION ( 'NONE',  ( -0.000000000000000000, -0.000000000000000000, 1.000000000000000000 ) ) ;
#138 = CIRCLE ( 'NONE', #1557, 2.500000000000002220 ) ;
#139 = CIRCLE ( 'NONE', #751, 1.500000000000003997 ) ;
#140 = VERTEX_POINT ( 'NONE', #1013 ) ;
#141 = DIRECTION ( 'NONE',  ( 0.000000000000000000, 1.000000000000000000, 0.000000000000000000 ) ) ;
#142 = CIRCLE ( 'NONE', #1098, 1.999999999999895195 ) ;
#143 = AXIS2_PLACEMENT_3D ( 'NONE', #718, #92, #947 ) ;
#144 = VERTEX_POINT ( 'NONE', #25 ) ;
#145 = VECTOR ( 'NONE', #1183, 1000.000000000000000 ) ;
#146 = LINE ( 'NONE', #927, #677 ) ;
#147 = DIRECTION ( 'NONE',  ( -0.000000000000000000, 1.000000000000000000, -0.000000000000000000 ) ) ;
#148 = DIRECTION ( 'NONE',  ( -0.000000000000000000, 1.000000000000000000, -0.000000000000000000 ) ) ;
#149 = ADVANCED_FACE ( 'NONE', ( #1265 ), #1177, .T. ) ;
#150 = ORIENTED_EDGE ( 'NONE', *, *, #563, .T. ) ;
#151 = CYLINDRICAL_SURFACE ( 'NONE', #1459, 2.499999999999998668 ) ;
#152 = VERTEX_POINT ( 'NONE', #174 ) ;
#153 = CARTESIAN_POINT ( 'NONE',  ( 42.74204024635072585, 8.673617379884035472E-15, 2.001621735086509979 ) ) ;
#154 = CARTESIAN_POINT ( 'NONE',  ( 62.74204024635073296, 8.673617379884035472E-15, 0.001621735089766228322 ) ) ;
#155 = EDGE_CURVE ( 'NONE', #1193, #1007, #180, .T. ) ;
#156 = VERTEX_POINT ( 'NONE', #197 ) ;
#157 = CARTESIAN_POINT ( 'NONE',  ( 72.74204024634978794, 6.500000000000009770, 6.500000000000000000 ) ) ;
#158 = EDGE_CURVE ( 'NONE', #609, #1087, #680, .T. ) ;
#159 = VERTEX_POINT ( 'NONE', #439 ) ;
#160 = CARTESIAN_POINT ( 'NONE',  ( -0.000000000000000000, 10.00000000000000888, -6.500000000000000000 ) ) ;
#161 = CYLINDRICAL_SURFACE ( 'NONE', #1175, 2.500000000000002220 ) ;
#162 = LINE ( 'NONE', #1552, #215 ) ;
#163 = VECTOR ( 'NONE', #761, 1000.000000000000000 ) ;
#164 = ORIENTED_EDGE ( 'NONE', *, *, #1222, .T. ) ;
#165 = CARTESIAN_POINT ( 'NONE',  ( -12.95543107805818828, -16.59368514753785462, 3.500000000000000444 ) ) ;
#166 = VECTOR ( 'NONE', #1502, 1000.000000000000000 ) ;
#167 = EDGE_LOOP ( 'NONE', ( #1076, #1436, #866, #500 ) ) ;
#168 = ADVANCED_FACE ( 'NONE', ( #582 ), #948, .F. ) ;
#169 = AXIS2_PLACEMENT_3D ( 'NONE', #1064, #320, #86 ) ;
#170 = LINE ( 'NONE', #678, #1386 ) ;
#171 = LINE ( 'NONE', #679, #460 ) ;
#172 = AXIS2_PLACEMENT_3D ( 'NONE', #1010, #1125, #1241 ) ;
#173 = AXIS2_PLACEMENT_3D ( 'NONE', #760, #617, #496 ) ;
#174 = CARTESIAN_POINT ( 'NONE',  ( -12.28174593052023411, 54.99999999999998579, 6.500000000000000000 ) ) ;
#175 = ORIENTED_EDGE ( 'NONE', *, *, #1192, .T. ) ;
#176 = CARTESIAN_POINT ( 'NONE',  ( 37.74204024634978083, -48.99999999999998579, 0.000000000000000000 ) ) ;
#177 = ORIENTED_EDGE ( 'NONE', *, *, #382, .T. ) ;
#178 = EDGE_CURVE ( 'NONE', #715, #1298, #1434, .T. ) ;
#179 = LINE ( 'NONE', #1174, #1147 ) ;
#180 = LINE ( 'NONE', #455, #562 ) ;
#181 = ORIENTED_EDGE ( 'NONE', *, *, #451, .F. ) ;
#182 = CARTESIAN_POINT ( 'NONE',  ( -38.89087296526011528, -38.89087296526011528, 6.500000000000000000 ) ) ;
#183 = EDGE_LOOP ( 'NONE', ( #745, #33, #1482, #738 ) ) ;
#184 = DIRECTION ( 'NONE',  ( 0.000000000000000000, 0.000000000000000000, -1.000000000000000000 ) ) ;
#185 = CARTESIAN_POINT ( 'NONE',  ( 37.74204024634978083, -48.99999999999998579, 1.500000000000003997 ) ) ;
#186 = LINE ( 'NONE', #472, #701 ) ;
#187 = DIRECTION ( 'NONE',  ( 1.000000000000000000, 0.000000000000000000, 0.000000000000000000 ) ) ;
#188 = VERTEX_POINT ( 'NONE', #686 ) ;
#189 = DIRECTION ( 'NONE',  ( 0.000000000000000000, 1.000000000000000000, 0.000000000000000000 ) ) ;
#190 = ORIENTED_EDGE ( 'NONE', *, *, #597, .F. ) ;
#191 = VECTOR ( 'NONE', #187, 1000.000000000000000 ) ;
#192 = VECTOR ( 'NONE', #473, 1000.000000000000000 ) ;
#193 = DIRECTION ( 'NONE',  ( -0.000000000000000000, 0.000000000000000000, -1.000000000000000000 ) ) ;
#194 = VECTOR ( 'NONE', #397, 1000.000000000000000 ) ;
#195 = CARTESIAN_POINT ( 'NONE',  ( 70.24204024634977372, -46.49999999999997868, 6.500000000000000000 ) ) ;
#196 = CIRCLE ( 'NONE', #1279, 1.999999999999895195 ) ;
#197 = CARTESIAN_POINT ( 'NONE',  ( 35.24204024634977372, -42.99999999999998579, -6.500000000000000000 ) ) ;
#198 = EDGE_CURVE ( 'NONE', #1554, #442, #1299, .T. ) ;
#199 = ORIENTED_EDGE ( 'NONE', *, *, #245, .T. ) ;
#200 = FACE_OUTER_BOUND ( 'NONE', #356, .T. ) ;
#201 = ORIENTED_EDGE ( 'NONE', *, *, #297, .F. ) ;
#202 = DIRECTION ( 'NONE',  ( 0.7071067811865475727, -0.7071067811865475727, 0.000000000000000000 ) ) ;
#203 = CARTESIAN_POINT ( 'NONE',  ( 32.74204024634977372, 0.000000000000000000, -6.500000000000000000 ) ) ;
#204 = DIRECTION ( 'NONE',  ( 0.000000000000000000, 1.000000000000000000, 0.000000000000000000 ) ) ;
#205 = EDGE_LOOP ( 'NONE', ( #623, #1127, #1556, #872 ) ) ;
#206 = DIRECTION ( 'NONE',  ( 0.000000000000000000, 0.000000000000000000, -1.000000000000000000 ) ) ;
#207 = EDGE_CURVE ( 'NONE', #1204, #1082, #138, .T. ) ;
#208 = ORIENTED_EDGE ( 'NONE', *, *, #1171, .T. ) ;
#209 = CARTESIAN_POINT ( 'NONE',  ( 72.74204024634978794, 0.000000000000000000, -6.500000000000000000 ) ) ;
#210 = LINE ( 'NONE', #1085, #727 ) ;
#211 = LINE ( 'NONE', #600, #192 ) ;
#212 = ORIENTED_EDGE ( 'NONE', *, *, #633, .T. ) ;
#213 = CARTESIAN_POINT ( 'NONE',  ( 70.24204024634977372, 4.000000000000010658, -6.500000000000000000 ) ) ;
#214 = VERTEX_POINT ( 'NONE', #961 ) ;
#215 = VECTOR ( 'NONE', #548, 1000.000000000000000 ) ;
#216 = EDGE_CURVE ( 'NONE', #156, #1007, #1312, .T. ) ;
#217 = CYLINDRICAL_SURFACE ( 'NONE', #1383, 1.500000000000003997 ) ;
#218 = DIRECTION ( 'NONE',  ( -0.000000000000000000, 0.000000000000000000, -1.000000000000000000 ) ) ;
#219 = DIRECTION ( 'NONE',  ( -0.000000000000000000, -0.000000000000000000, 1.000000000000000000 ) ) ;
#220 = VECTOR ( 'NONE', #974, 1000.000000000000000 ) ;
#221 = VERTEX_POINT ( 'NONE', #1200 ) ;
#222 = CARTESIAN_POINT ( 'NONE',  ( -14.95543107805818472, -16.59368514753785462, 3.500000000000000444 ) ) ;
#223 = CIRCLE ( 'NONE', #1232, 2.499999999999998668 ) ;
#224 = ORIENTED_EDGE ( 'NONE', *, *, #1192, .F. ) ;
#225 = ADVANCED_FACE ( 'NONE', ( #1191 ), #555, .F. ) ;
#226 = LINE ( 'NONE', #511, #967 ) ;
#227 = CARTESIAN_POINT ( 'NONE',  ( 0.000000000000000000, -48.99999999999998579, 6.500000000000000000 ) ) ;
#228 = ORIENTED_EDGE ( 'NONE', *, *, #1090, .F. ) ;
#229 = DIRECTION ( 'NONE',  ( 0.000000000000000000, 0.000000000000000000, -1.000000000000000000 ) ) ;
#230 = ORIENTED_EDGE ( 'NONE', *, *, #327, .T. ) ;
#231 = DIRECTION ( 'NONE',  ( -0.000000000000000000, 0.000000000000000000, 1.000000000000000000 ) ) ;
#232 = FACE_BOUND ( 'NONE', #524, .T. ) ;
#233 = ORIENTED_EDGE ( 'NONE', *, *, #1458, .T. ) ;
#234 = DIRECTION ( 'NONE',  ( 1.000000000000000000, 0.000000000000000000, 0.000000000000000000 ) ) ;
#235 = EDGE_CURVE ( 'NONE', #140, #1361, #1172, .T. ) ;
#236 = EDGE_LOOP ( 'NONE', ( #813, #1477, #1210, #991 ) ) ;
#237 = EDGE_LOOP ( 'NONE', ( #447, #638, #1539, #99 ) ) ;
#238 = DIRECTION ( 'NONE',  ( -1.000000000000000000, 0.000000000000000000, 0.000000000000000000 ) ) ;
#239 = PRESENTATION_STYLE_ASSIGNMENT (( #122 ) ) ;
#240 = VECTOR ( 'NONE', #58, 1000.000000000000000 ) ;
#241 = VECTOR ( 'NONE', #1519, 1000.000000000000000 ) ;
#242 = ORIENTED_EDGE ( 'NONE', *, *, #279, .F. ) ;
#243 = DIRECTION ( 'NONE',  ( -0.000000000000000000, -1.000000000000000000, -0.000000000000000000 ) ) ;
#244 = VECTOR ( 'NONE', #1050, 1000.000000000000114 ) ;
#245 = EDGE_CURVE ( 'NONE', #1253, #865, #592, .T. ) ;
#246 = ORIENTED_EDGE ( 'NONE', *, *, #454, .F. ) ;
#247 = CARTESIAN_POINT ( 'NONE',  ( 30.24204024634977372, 18.77689380066540537, 6.500000000000000000 ) ) ;
#248 = CIRCLE ( 'NONE', #1435, 2.500000000000002220 ) ;
#249 = VERTEX_POINT ( 'NONE', #1449 ) ;
#250 = DIRECTION ( 'NONE',  ( -1.000000000000000000, 0.000000000000000000, 0.000000000000000000 ) ) ;
#251 = DIRECTION ( 'NONE',  ( 0.000000000000000000, 0.000000000000000000, 1.000000000000000000 ) ) ;
#252 = ADVANCED_BREP_SHAPE_REPRESENTATION ( 'Orelha Direita 2025 V1', ( #477, #916 ), #1281 ) ;
#253 = EDGE_LOOP ( 'NONE', ( #1187, #26, #1239, #304 ) ) ;
#254 = DIRECTION ( 'NONE',  ( 0.000000000000000000, -0.000000000000000000, -1.000000000000000000 ) ) ;
#255 = EDGE_CURVE ( 'NONE', #870, #424, #162, .T. ) ;
#256 = ORIENTED_EDGE ( 'NONE', *, *, #59, .F. ) ;
#257 = EDGE_CURVE ( 'NONE', #839, #539, #293, .T. ) ;
#258 = FACE_OUTER_BOUND ( 'NONE', #502, .T. ) ;
#259 = CARTESIAN_POINT ( 'NONE',  ( -14.95543107805818472, -16.59368514753785462, -6.500000000000000000 ) ) ;
#260 = DIRECTION ( 'NONE',  ( 0.7071067811865475727, 0.7071067811865475727, -0.000000000000000000 ) ) ;
#261 = VERTEX_POINT ( 'NONE', #1571 ) ;
#262 = DIRECTION ( 'NONE',  ( 0.000000000000000000, 1.000000000000000000, 0.000000000000000000 ) ) ;
#263 = ORIENTED_EDGE ( 'NONE', *, *, #1032, .F. ) ;
#264 = DIRECTION ( 'NONE',  ( 0.000000000000000000, 0.000000000000000000, -1.000000000000000000 ) ) ;
#265 = EDGE_CURVE ( 'NONE', #156, #1365, #1209, .T. ) ;
#266 = FILL_AREA_STYLE_COLOUR ( '', #937 ) ;
#267 = DIRECTION ( 'NONE',  ( -0.000000000000000000, -0.000000000000000000, 1.000000000000000000 ) ) ;
#268 = AXIS2_PLACEMENT_3D ( 'NONE', #574, #936, #669 ) ;
#269 = ORIENTED_EDGE ( 'NONE', *, *, #614, .F. ) ;
#270 = DIRECTION ( 'NONE',  ( 0.000000000000000000, 0.000000000000000000, 1.000000000000000000 ) ) ;
#271 = VECTOR ( 'NONE', #1026, 1000.000000000000000 ) ;
#272 = AXIS2_PLACEMENT_3D ( 'NONE', #312, #1469, #821 ) ;
#273 = ORIENTED_EDGE ( 'NONE', *, *, #1458, .F. ) ;
#274 = AXIS2_PLACEMENT_3D ( 'NONE', #534, #666, #1158 ) ;
#275 = CARTESIAN_POINT ( 'NONE',  ( 30.24204024634977372, 18.77689380066540537, -6.500000000000000000 ) ) ;
#276 = LINE ( 'NONE', #1535, #430 ) ;
#277 = EDGE_CURVE ( 'NONE', #221, #214, #881, .T. ) ;
#278 = FACE_OUTER_BOUND ( 'NONE', #517, .T. ) ;
#279 = EDGE_CURVE ( 'NONE', #282, #261, #1326, .T. ) ;
#280 = VERTEX_POINT ( 'NONE', #1578 ) ;
#281 = CARTESIAN_POINT ( 'NONE',  ( 52.74204024634978083, -42.99999999999998579, 1.500000000000003997 ) ) ;
#282 = VERTEX_POINT ( 'NONE', #1545 ) ;
#283 = CARTESIAN_POINT ( 'NONE',  ( 52.74204024634978083, -48.99999999999998579, 0.000000000000000000 ) ) ;
#284 = CARTESIAN_POINT ( 'NONE',  ( 0.000000000000000000, 10.00000000000000888, 6.500000000000000000 ) ) ;
#285 = LINE ( 'NONE', #522, #1583 ) ;
#286 = EDGE_CURVE ( 'NONE', #1007, #55, #486, .T. ) ;
#287 = ORIENTED_EDGE ( 'NONE', *, *, #1212, .F. ) ;
#288 = CYLINDRICAL_SURFACE ( 'NONE', #857, 1.999999999999039435 ) ;
#289 = ORIENTED_EDGE ( 'NONE', *, *, #331, .F. ) ;
#290 = LINE ( 'NONE', #1028, #145 ) ;
#291 = CARTESIAN_POINT ( 'NONE',  ( 67.74204024634977372, -48.99999999999998579, 0.000000000000000000 ) ) ;
#292 = DIRECTION ( 'NONE',  ( 0.000000000000000000, 1.000000000000000000, 0.000000000000000000 ) ) ;
#293 = CIRCLE ( 'NONE', #1585, 1.999999999999895195 ) ;
#294 = EDGE_LOOP ( 'NONE', ( #603, #713, #62, #1089 ) ) ;
#295 = PLANE ( 'NONE',  #619 ) ;
#296 = VECTOR ( 'NONE', #628, 1000.000000000000000 ) ;
#297 = EDGE_CURVE ( 'NONE', #636, #798, #1495, .T. ) ;
#298 = ORIENTED_EDGE ( 'NONE', *, *, #73, .T. ) ;
#299 = AXIS2_PLACEMENT_3D ( 'NONE', #247, #1130, #1596 ) ;
#300 = VECTOR ( 'NONE', #704, 1000.000000000000000 ) ;
#301 = DIRECTION ( 'NONE',  ( 0.000000000000000000, -0.000000000000000000, 1.000000000000000000 ) ) ;
#302 = AXIS2_PLACEMENT_3D ( 'NONE', #1479, #1115, #487 ) ;
#303 = CARTESIAN_POINT ( 'NONE',  ( 0.000000000000000000, -48.99999999999998579, 6.500000000000000000 ) ) ;
#304 = ORIENTED_EDGE ( 'NONE', *, *, #992, .T. ) ;
#305 = CARTESIAN_POINT ( 'NONE',  ( -20.00000000000000000, 0.000000000000000000, -2.499999999999999556 ) ) ;
#306 = VERTEX_POINT ( 'NONE', #719 ) ;
#307 = CARTESIAN_POINT ( 'NONE',  ( -22.37543107805819531, -27.59368514753785107, -6.500000000000000000 ) ) ;
#308 = DIRECTION ( 'NONE',  ( 0.000000000000000000, -0.000000000000000000, 1.000000000000000000 ) ) ;
#309 = DIRECTION ( 'NONE',  ( -0.000000000000000000, -0.000000000000000000, -1.000000000000000000 ) ) ;
#310 = DIRECTION ( 'NONE',  ( 0.000000000000000000, -0.000000000000000000, -1.000000000000000000 ) ) ;
#311 = ORIENTED_EDGE ( 'NONE', *, *, #207, .T. ) ;
#312 = CARTESIAN_POINT ( 'NONE',  ( 0.000000000000000000, 4.000000000000010658, 6.500000000000000000 ) ) ;
#313 = ORIENTED_EDGE ( 'NONE', *, *, #900, .F. ) ;
#314 = CYLINDRICAL_SURFACE ( 'NONE', #1176, 9.999999999999998224 ) ;
#315 = ADVANCED_FACE ( 'NONE', ( #1218 ), #1473, .F. ) ;
#316 = CARTESIAN_POINT ( 'NONE',  ( 32.74204024634977372, 1.500000000000010880, -6.500000000000000000 ) ) ;
#317 = DIRECTION ( 'NONE',  ( -0.9912370454346501880, -0.1320951163290496888, 0.000000000000000000 ) ) ;
#318 = UNCERTAINTY_MEASURE_WITH_UNIT (LENGTH_MEASURE( 1.000000000000000082E-05 ), #1215, 'distance_accuracy_value', 'NONE');
#319 = ORIENTED_EDGE ( 'NONE', *, *, #1487, .F. ) ;
#320 = DIRECTION ( 'NONE',  ( -0.000000000000000000, 0.000000000000000000, 1.000000000000000000 ) ) ;
#321 = EDGE_LOOP ( 'NONE', ( #1531, #358, #208, #771 ) ) ;
#322 = CARTESIAN_POINT ( 'NONE',  ( 37.74204024634978083, -48.99999999999998579, 0.000000000000000000 ) ) ;
#323 = VECTOR ( 'NONE', #842, 1000.000000000000000 ) ;
#324 = CYLINDRICAL_SURFACE ( 'NONE', #1124, 2.500000000000002220 ) ;
#325 = VECTOR ( 'NONE', #711, 1000.000000000000000 ) ;
#326 = CARTESIAN_POINT ( 'NONE',  ( 70.24204024634977372, -46.49999999999997868, -6.500000000000000000 ) ) ;
#327 = EDGE_CURVE ( 'NONE', #567, #1240, #94, .T. ) ;
#328 = AXIS2_PLACEMENT_3D ( 'NONE', #135, #650, #30 ) ;
#329 = EDGE_LOOP ( 'NONE', ( #939, #362, #131, #422 ) ) ;
#330 = CARTESIAN_POINT ( 'NONE',  ( 52.74204024634978083, -42.99999999999998579, -1.500000000000003997 ) ) ;
#331 = EDGE_CURVE ( 'NONE', #1429, #1361, #1116, .T. ) ;
#332 = ORIENTED_EDGE ( 'NONE', *, *, #1262, .F. ) ;
#333 = CARTESIAN_POINT ( 'NONE',  ( 32.74204024634977372, 18.77689380066540537, -6.500000000000000000 ) ) ;
#334 = DIRECTION ( 'NONE',  ( 0.000000000000000000, -1.000000000000000000, 0.000000000000000000 ) ) ;
#335 = CARTESIAN_POINT ( 'NONE',  ( 0.000000000000000000, 4.000000000000010658, 6.500000000000000000 ) ) ;
#336 = VERTEX_POINT ( 'NONE', #107 ) ;
#337 = DIRECTION ( 'NONE',  ( -1.000000000000000000, 0.000000000000000000, 0.000000000000000000 ) ) ;
#338 = ADVANCED_FACE ( 'NONE', ( #114 ), #1225, .F. ) ;
#339 = ORIENTED_EDGE ( 'NONE', *, *, #1586, .F. ) ;
#340 = FACE_OUTER_BOUND ( 'NONE', #780, .T. ) ;
#341 = FACE_OUTER_BOUND ( 'NONE', #791, .T. ) ;
#342 = CARTESIAN_POINT ( 'NONE',  ( -44.37543107805819176, 33.40631485246214538, -6.500000000000000000 ) ) ;
#343 = ORIENTED_EDGE ( 'NONE', *, *, #1629, .F. ) ;
#344 = CARTESIAN_POINT ( 'NONE',  ( -44.37543107805813491, -33.40631485246209564, 6.500000000000000000 ) ) ;
#345 = VERTEX_POINT ( 'NONE', #342 ) ;
#346 = EDGE_CURVE ( 'NONE', #482, #1378, #852, .T. ) ;
#347 = ORIENTED_EDGE ( 'NONE', *, *, #759, .F. ) ;
#348 = AXIS2_PLACEMENT_3D ( 'NONE', #1563, #801, #1305 ) ;
#349 = AXIS2_PLACEMENT_3D ( 'NONE', #1185, #1416, #1440 ) ;
#350 = CARTESIAN_POINT ( 'NONE',  ( 35.24204024634977372, -42.99999999999998579, 6.500000000000000000 ) ) ;
#351 = FACE_OUTER_BOUND ( 'NONE', #822, .T. ) ;
#352 = VECTOR ( 'NONE', #1091, 1000.000000000000000 ) ;
#353 = VECTOR ( 'NONE', #1373, 1000.000000000000000 ) ;
#354 = ORIENTED_EDGE ( 'NONE', *, *, #972, .T. ) ;
#355 = DIRECTION ( 'NONE',  ( 0.000000000000000000, 0.000000000000000000, -1.000000000000000000 ) ) ;
#356 = EDGE_LOOP ( 'NONE', ( #319, #1005, #1450, #494 ) ) ;
#357 = ADVANCED_FACE ( 'NONE', ( #970 ), #1489, .F. ) ;
#358 = ORIENTED_EDGE ( 'NONE', *, *, #633, .F. ) ;
#359 = FACE_OUTER_BOUND ( 'NONE', #478, .T. ) ;
#360 = ADVANCED_FACE ( 'NONE', ( #1126 ), #1345, .F. ) ;
#361 = FACE_OUTER_BOUND ( 'NONE', #530, .T. ) ;
#362 = ORIENTED_EDGE ( 'NONE', *, *, #676, .F. ) ;
#363 = DIRECTION ( 'NONE',  ( -0.7071067811865474617, -0.7071067811865474617, 0.000000000000000000 ) ) ;
#364 = VERTEX_POINT ( 'NONE', #1109 ) ;
#365 = ORIENTED_EDGE ( 'NONE', *, *, #59, .T. ) ;
#366 = PRODUCT_DEFINITION_SHAPE ( 'NONE', 'NONE',  #1476 ) ;
#367 = CYLINDRICAL_SURFACE ( 'NONE', #569, 1.999999999999996669 ) ;
#368 = DIRECTION ( 'NONE',  ( 1.000000000000000000, 0.000000000000000000, 0.000000000000000000 ) ) ;
#369 = EDGE_CURVE ( 'NONE', #963, #601, #211, .T. ) ;
#370 = EDGE_LOOP ( 'NONE', ( #1058, #855, #590, #428 ) ) ;
#371 = CARTESIAN_POINT ( 'NONE',  ( -12.95543107805818828, -16.59368514753785462, 3.500000000000000444 ) ) ;
#372 = VERTEX_POINT ( 'NONE', #1466 ) ;
#373 = DIRECTION ( 'NONE',  ( 0.000000000000000000, 0.000000000000000000, 1.000000000000000000 ) ) ;
#374 = ORIENTED_EDGE ( 'NONE', *, *, #1478, .T. ) ;
#375 = AXIS2_PLACEMENT_3D ( 'NONE', #154, #148, #251 ) ;
#376 = LINE ( 'NONE', #885, #997 ) ;
#377 = FILL_AREA_STYLE ('',( #266 ) ) ;
#378 = CIRCLE ( 'NONE', #803, 1.500000000000003997 ) ;
#379 = ADVANCED_FACE ( 'NONE', ( #1103 ), #1364, .F. ) ;
#380 = LINE ( 'NONE', #1271, #1353 ) ;
#381 = CIRCLE ( 'NONE', #912, 14.94999999999999929 ) ;
#382 = EDGE_CURVE ( 'NONE', #1412, #1107, #10, .T. ) ;
#383 = ORIENTED_EDGE ( 'NONE', *, *, #614, .T. ) ;
#384 = AXIS2_PLACEMENT_3D ( 'NONE', #860, #742, #1610 ) ;
#385 = CARTESIAN_POINT ( 'NONE',  ( 62.74204024635073296, 8.673617379884035472E-15, 0.001621735089766228322 ) ) ;
#386 = LINE ( 'NONE', #480, #1306 ) ;
#387 = CARTESIAN_POINT ( 'NONE',  ( 67.74204024634977372, -38.99999999999998579, 0.000000000000000000 ) ) ;
#388 = LINE ( 'NONE', #896, #907 ) ;
#389 = EDGE_LOOP ( 'NONE', ( #1231, #831, #848, #520 ) ) ;
#390 = LINE ( 'NONE', #917, #244 ) ;
#391 = ADVANCED_FACE ( 'NONE', ( #731, #1236, #1604, #351 ), #862, .F. ) ;
#392 = ORIENTED_EDGE ( 'NONE', *, *, #1493, .F. ) ;
#393 = DIRECTION ( 'NONE',  ( 0.000000000000000000, 1.000000000000000000, 0.000000000000000000 ) ) ;
#394 = LINE ( 'NONE', #1393, #64 ) ;
#395 = CARTESIAN_POINT ( 'NONE',  ( -24.37543107805820242, -27.59368514753785107, 3.500000000000000444 ) ) ;
#396 = ORIENTED_EDGE ( 'NONE', *, *, #1139, .F. ) ;
#397 = DIRECTION ( 'NONE',  ( 1.000000000000000000, 0.000000000000000000, 0.000000000000000000 ) ) ;
#398 = ORIENTED_EDGE ( 'NONE', *, *, #577, .T. ) ;
#399 = EDGE_CURVE ( 'NONE', #815, #36, #736, .T. ) ;
#400 = CARTESIAN_POINT ( 'NONE',  ( 70.24204024634975951, 10.00000000000000888, 6.500000000000000000 ) ) ;
#401 = CARTESIAN_POINT ( 'NONE',  ( 32.74204024634977372, 0.000000000000000000, -6.500000000000000000 ) ) ;
#402 = PLANE ( 'NONE',  #1120 ) ;
#403 = VECTOR ( 'NONE', #954, 1000.000000000000000 ) ;
#404 = AXIS2_PLACEMENT_3D ( 'NONE', #1480, #497, #1611 ) ;
#405 = VERTEX_POINT ( 'NONE', #998 ) ;
#406 = FACE_OUTER_BOUND ( 'NONE', #1421, .T. ) ;
#407 = AXIS2_PLACEMENT_3D ( 'NONE', #1453, #978, #1216 ) ;
#408 = AXIS2_PLACEMENT_3D ( 'NONE', #605, #1133, #1248 ) ;
#409 = ORIENTED_EDGE ( 'NONE', *, *, #597, .T. ) ;
#410 = VECTOR ( 'NONE', #977, 1000.000000000000000 ) ;
#411 = DIRECTION ( 'NONE',  ( -0.000000000000000000, 1.000000000000000000, -0.000000000000000000 ) ) ;
#412 = FACE_BOUND ( 'NONE', #484, .T. ) ;
#413 = ADVANCED_FACE ( 'NONE', ( #361, #232, #743 ), #1512, .T. ) ;
#414 = CYLINDRICAL_SURFACE ( 'NONE', #375, 1.999999999999895195 ) ;
#415 = ORIENTED_EDGE ( 'NONE', *, *, #505, .T. ) ;
#416 = LINE ( 'NONE', #905, #1590 ) ;
#417 = EDGE_LOOP ( 'NONE', ( #808, #575, #1549, #1131 ) ) ;
#418 = CARTESIAN_POINT ( 'NONE',  ( 37.74204024634978083, -42.99999999999998579, -1.500000000000003997 ) ) ;
#419 = DIRECTION ( 'NONE',  ( 0.000000000000000000, -0.000000000000000000, 1.000000000000000000 ) ) ;
#420 = CARTESIAN_POINT ( 'NONE',  ( -12.95543107805818828, -16.59368514753785462, -6.500000000000000000 ) ) ;
#421 = ADVANCED_FACE ( 'NONE', ( #660 ), #886, .F. ) ;
#422 = ORIENTED_EDGE ( 'NONE', *, *, #1280, .T. ) ;
#423 = FACE_OUTER_BOUND ( 'NONE', #2, .T. ) ;
#424 = VERTEX_POINT ( 'NONE', #895 ) ;
#425 = FACE_OUTER_BOUND ( 'NONE', #237, .T. ) ;
#426 = LINE ( 'NONE', #935, #1275 ) ;
#427 = CARTESIAN_POINT ( 'NONE',  ( 62.74204024635073296, 10.00000000000000888, 0.001621735089766228322 ) ) ;
#428 = ORIENTED_EDGE ( 'NONE', *, *, #1607, .T. ) ;
#429 = DIRECTION ( 'NONE',  ( -1.000000000000000000, 0.000000000000000000, 0.000000000000000000 ) ) ;
#430 = VECTOR ( 'NONE', #875, 1000.000000000000000 ) ;
#431 = EDGE_CURVE ( 'NONE', #1283, #839, #394, .T. ) ;
#432 = ORIENTED_EDGE ( 'NONE', *, *, #795, .T. ) ;
#433 = AXIS2_PLACEMENT_3D ( 'NONE', #1396, #21, #525 ) ;
#434 = VECTOR ( 'NONE', #613, 1000.000000000000000 ) ;
#435 = CARTESIAN_POINT ( 'NONE',  ( 0.000000000000000000, 0.000000000000000000, 0.000000000000000000 ) ) ;
#436 = CARTESIAN_POINT ( 'NONE',  ( 62.74204024635073296, 10.00000000000000888, 2.001621735089661236 ) ) ;
#437 = VECTOR ( 'NONE', #411, 1000.000000000000000 ) ;
#438 = CARTESIAN_POINT ( 'NONE',  ( 72.74204024634978794, 6.500000000000009770, 6.500000000000000000 ) ) ;
#439 = CARTESIAN_POINT ( 'NONE',  ( -38.37543107805819176, 8.406314852462147158, -6.500000000000000000 ) ) ;
#440 = ORIENTED_EDGE ( 'NONE', *, *, #1360, .T. ) ;
#441 = DIRECTION ( 'NONE',  ( -0.000000000000000000, -0.000000000000000000, 1.000000000000000000 ) ) ;
#442 = VERTEX_POINT ( 'NONE', #259 ) ;
#443 = EDGE_CURVE ( 'NONE', #1087, #1581, #641, .T. ) ;
#444 = DIRECTION ( 'NONE',  ( -0.000000000000000000, -1.000000000000000000, -0.000000000000000000 ) ) ;
#445 = LINE ( 'NONE', #438, #490 ) ;
#446 = CARTESIAN_POINT ( 'NONE',  ( 35.24204024634977372, -42.99999999999998579, 6.500000000000000000 ) ) ;
#447 = ORIENTED_EDGE ( 'NONE', *, *, #1297, .F. ) ;
#448 = LINE ( 'NONE', #956, #1615 ) ;
#449 = EDGE_LOOP ( 'NONE', ( #615, #984, #681, #931 ) ) ;
#450 = DIRECTION ( 'NONE',  ( -1.000000000000000000, 0.000000000000000000, 0.000000000000000000 ) ) ;
#451 = EDGE_CURVE ( 'NONE', #1496, #36, #1376, .T. ) ;
#452 = DIRECTION ( 'NONE',  ( 0.000000000000000000, 0.000000000000000000, 1.000000000000000000 ) ) ;
#453 = CARTESIAN_POINT ( 'NONE',  ( 70.24204024634975951, -42.99999999999998579, 6.500000000000000000 ) ) ;
#454 = EDGE_CURVE ( 'NONE', #1613, #963, #139, .T. ) ;
#455 = CARTESIAN_POINT ( 'NONE',  ( 70.24204024634975951, -42.99999999999998579, -6.500000000000000000 ) ) ;
#456 = ORIENTED_EDGE ( 'NONE', *, *, #765, .T. ) ;
#457 = DIRECTION ( 'NONE',  ( -0.000000000000000000, -0.000000000000000000, -1.000000000000000000 ) ) ;
#458 = ORIENTED_EDGE ( 'NONE', *, *, #399, .F. ) ;
#459 = CIRCLE ( 'NONE', #1504, 2.500000000000002220 ) ;
#460 = VECTOR ( 'NONE', #50, 1000.000000000000000 ) ;
#461 = DIRECTION ( 'NONE',  ( 0.000000000000000000, -1.000000000000000000, 0.000000000000000000 ) ) ;
#462 = DIRECTION ( 'NONE',  ( 0.7895094060203969866, -0.6137384604253834919, 0.000000000000000000 ) ) ;
#463 = CIRCLE ( 'NONE', #384, 1.999999999999039435 ) ;
#464 = DIRECTION ( 'NONE',  ( -0.000000000000000000, -0.000000000000000000, 1.000000000000000000 ) ) ;
#465 = EDGE_CURVE ( 'NONE', #36, #1581, #1044, .T. ) ;
#466 = CIRCLE ( 'NONE', #890, 1.999999999999996669 ) ;
#467 = ORIENTED_EDGE ( 'NONE', *, *, #108, .F. ) ;
#468 = DIRECTION ( 'NONE',  ( -0.000000000000000000, -0.000000000000000000, -1.000000000000000000 ) ) ;
#469 = ORIENTED_EDGE ( 'NONE', *, *, #1360, .F. ) ;
#470 = CARTESIAN_POINT ( 'NONE',  ( -12.28174593052023233, -54.99999999999999289, -6.500000000000000000 ) ) ;
#471 = CARTESIAN_POINT ( 'NONE',  ( 0.000000000000000000, -54.99999999999999289, 6.500000000000000000 ) ) ;
#472 = CARTESIAN_POINT ( 'NONE',  ( 67.74204024634977372, -38.99999999999998579, 1.499999999999997335 ) ) ;
#473 = DIRECTION ( 'NONE',  ( -0.000000000000000000, -1.000000000000000000, -0.000000000000000000 ) ) ;
#474 = EDGE_CURVE ( 'NONE', #1613, #22, #1011, .T. ) ;
#475 = ORIENTED_EDGE ( 'NONE', *, *, #1620, .F. ) ;
#476 = FACE_BOUND ( 'NONE', #696, .T. ) ;
#477 = MANIFOLD_SOLID_BREP ( 'Filete2', #1226 ) ;
#478 = EDGE_LOOP ( 'NONE', ( #687, #828, #549, #332 ) ) ;
#479 = EDGE_LOOP ( 'NONE', ( #287, #1625 ) ) ;
#480 = CARTESIAN_POINT ( 'NONE',  ( 32.74204024634977372, 0.000000000000000000, 6.500000000000000000 ) ) ;
#481 = DIRECTION ( 'NONE',  ( -0.000000000000000000, -1.000000000000000000, -0.000000000000000000 ) ) ;
#482 = VERTEX_POINT ( 'NONE', #1035 ) ;
#483 = LINE ( 'NONE', #344, #1151 ) ;
#484 = EDGE_LOOP ( 'NONE', ( #1605, #906 ) ) ;
#485 = EDGE_CURVE ( 'NONE', #1048, #1397, #129, .T. ) ;
#486 = CIRCLE ( 'NONE', #695, 2.500000000000002220 ) ;
#487 = DIRECTION ( 'NONE',  ( 1.000000000000000000, 0.000000000000000000, 0.000000000000000000 ) ) ;
#488 = DIRECTION ( 'NONE',  ( 1.000000000000000000, 8.308481716169681488E-16, -0.000000000000000000 ) ) ;
#489 = AXIS2_PLACEMENT_3D ( 'NONE', #964, #468, #429 ) ;
#490 = VECTOR ( 'NONE', #1325, 1000.000000000000000 ) ;
#491 = EDGE_LOOP ( 'NONE', ( #201, #899, #1579, #354 ) ) ;
#492 = CARTESIAN_POINT ( 'NONE',  ( -44.37543107805819176, 33.40631485246214538, 6.500000000000000000 ) ) ;
#493 = EDGE_LOOP ( 'NONE', ( #1072, #509, #199, #396 ) ) ;
#494 = ORIENTED_EDGE ( 'NONE', *, *, #923, .F. ) ;
#495 = EDGE_CURVE ( 'NONE', #1250, #1027, #902, .T. ) ;
#496 = DIRECTION ( 'NONE',  ( 0.000000000000000000, 0.000000000000000000, 1.000000000000000000 ) ) ;
#497 = DIRECTION ( 'NONE',  ( -0.000000000000000000, -0.000000000000000000, -1.000000000000000000 ) ) ;
#498 = VERTEX_POINT ( 'NONE', #24 ) ;
#499 = FACE_OUTER_BOUND ( 'NONE', #449, .T. ) ;
#500 = ORIENTED_EDGE ( 'NONE', *, *, #737, .T. ) ;
#501 = DIRECTION ( 'NONE',  ( 0.7071067811865474617, 0.7071067811865474617, 0.000000000000000000 ) ) ;
#502 = EDGE_LOOP ( 'NONE', ( #212, #904 ) ) ;
#503 = EDGE_CURVE ( 'NONE', #405, #593, #1017, .T. ) ;
#504 = CARTESIAN_POINT ( 'NONE',  ( -12.28174593052023233, -54.99999999999999289, -6.500000000000000000 ) ) ;
#505 = EDGE_CURVE ( 'NONE', #1250, #1565, #1043, .T. ) ;
#506 = FACE_OUTER_BOUND ( 'NONE', #1121, .T. ) ;
#507 = ORIENTED_EDGE ( 'NONE', *, *, #1505, .T. ) ;
#508 = DIRECTION ( 'NONE',  ( 0.000000000000000000, 0.000000000000000000, -1.000000000000000000 ) ) ;
#509 = ORIENTED_EDGE ( 'NONE', *, *, #108, .T. ) ;
#510 = AXIS2_PLACEMENT_3D ( 'NONE', #77, #292, #826 ) ;
#511 = CARTESIAN_POINT ( 'NONE',  ( 0.000000000000000000, -42.99999999999998579, 6.500000000000000000 ) ) ;
#512 = CARTESIAN_POINT ( 'NONE',  ( 37.74204024634978083, -42.99999999999998579, 0.000000000000000000 ) ) ;
#513 = VECTOR ( 'NONE', #910, 1000.000000000000000 ) ;
#514 = LINE ( 'NONE', #903, #639 ) ;
#515 = EDGE_CURVE ( 'NONE', #372, #1082, #276, .T. ) ;
#516 = AXIS2_PLACEMENT_3D ( 'NONE', #1112, #243, #355 ) ;
#517 = EDGE_LOOP ( 'NONE', ( #398, #1291, #1368, #706 ) ) ;
#518 = VECTOR ( 'NONE', #545, 1000.000000000000000 ) ;
#519 = PLANE ( 'NONE',  #644 ) ;
#520 = ORIENTED_EDGE ( 'NONE', *, *, #474, .F. ) ;
#521 = CARTESIAN_POINT ( 'NONE',  ( 62.74204024635073296, 8.673617379884035472E-15, 2.001621735089661236 ) ) ;
#522 = CARTESIAN_POINT ( 'NONE',  ( -18.63961030678927244, -54.99999999999999289, 6.500000000000000000 ) ) ;
#523 = EDGE_CURVE ( 'NONE', #1283, #526, #1122, .T. ) ;
#524 = EDGE_LOOP ( 'NONE', ( #957, #1144 ) ) ;
#525 = DIRECTION ( 'NONE',  ( -1.000000000000000000, 0.000000000000000000, 0.000000000000000000 ) ) ;
#526 = VERTEX_POINT ( 'NONE', #946 ) ;
#527 = DIRECTION ( 'NONE',  ( -0.000000000000000000, 1.000000000000000000, -0.000000000000000000 ) ) ;
#528 = DIRECTION ( 'NONE',  ( 0.000000000000000000, 1.000000000000000000, 0.000000000000000000 ) ) ;
#529 = CARTESIAN_POINT ( 'NONE',  ( -20.00000000000000000, 0.000000000000000000, 6.500000000000000000 ) ) ;
#530 = EDGE_LOOP ( 'NONE', ( #1261, #926, #755, #115, #656, #71, #955, #432, #1599, #105, #1438, #1033, #1221, #1367, #882, #48, #1401, #1114, #1056, #1105, #1195, #456, #985, #1182 ) ) ;
#531 = DIRECTION ( 'NONE',  ( 8.308481716169680502E-16, -1.000000000000000000, 0.000000000000000000 ) ) ;
#532 = VERTEX_POINT ( 'NONE', #1543 ) ;
#533 = EDGE_CURVE ( 'NONE', #567, #649, #179, .T. ) ;
#534 = CARTESIAN_POINT ( 'NONE',  ( 70.24204024634977372, 6.500000000000009770, 6.500000000000000000 ) ) ;
#535 = CARTESIAN_POINT ( 'NONE',  ( 42.74204024635072585, 4.000000000000010658, 0.001621735087470321801 ) ) ;
#536 = CARTESIAN_POINT ( 'NONE',  ( 31.77638639741323701, 20.75066731571639878, 6.500000000000000000 ) ) ;
#537 = AXIS2_PLACEMENT_3D ( 'NONE', #1417, #1527, #1388 ) ;
#538 = VECTOR ( 'NONE', #1242, 1000.000000000000000 ) ;
#539 = VERTEX_POINT ( 'NONE', #436 ) ;
#540 = LINE ( 'NONE', #1540, #1357 ) ;
#541 = CIRCLE ( 'NONE', #433, 2.000000000000005329 ) ;
#542 = AXIS2_PLACEMENT_3D ( 'NONE', #106, #1392, #100 ) ;
#543 = ORIENTED_EDGE ( 'NONE', *, *, #265, .T. ) ;
#544 = CIRCLE ( 'NONE', #1537, 2.000000000000005329 ) ;
#545 = DIRECTION ( 'NONE',  ( 1.000000000000000000, 0.000000000000000000, 0.000000000000000000 ) ) ;
#546 = ADVANCED_FACE ( 'NONE', ( #817, #412, #1207 ), #1077, .T. ) ;
#547 = CARTESIAN_POINT ( 'NONE',  ( 52.74204024634978083, -48.99999999999998579, 0.000000000000000000 ) ) ;
#548 = DIRECTION ( 'NONE',  ( -0.000000000000000000, -1.000000000000000000, -0.000000000000000000 ) ) ;
#549 = ORIENTED_EDGE ( 'NONE', *, *, #1269, .F. ) ;
#550 = DIRECTION ( 'NONE',  ( 0.000000000000000000, 1.000000000000000000, 0.000000000000000000 ) ) ;
#551 = ORIENTED_EDGE ( 'NONE', *, *, #1524, .T. ) ;
#552 = DIRECTION ( 'NONE',  ( 0.000000000000000000, 0.000000000000000000, 1.000000000000000000 ) ) ;
#553 = FACE_OUTER_BOUND ( 'NONE', #789, .T. ) ;
#554 = EDGE_CURVE ( 'NONE', #424, #1397, #856, .T. ) ;
#555 = PLANE ( 'NONE',  #268 ) ;
#556 = ORIENTED_EDGE ( 'NONE', *, *, #795, .F. ) ;
#557 = FACE_BOUND ( 'NONE', #689, .T. ) ;
#558 = ORIENTED_EDGE ( 'NONE', *, *, #554, .T. ) ;
#559 = FACE_OUTER_BOUND ( 'NONE', #370, .T. ) ;
#560 = DIRECTION ( 'NONE',  ( -0.000000000000000000, -0.000000000000000000, -1.000000000000000000 ) ) ;
#561 = DIRECTION ( 'NONE',  ( 0.000000000000000000, 0.000000000000000000, 1.000000000000000000 ) ) ;
#562 = VECTOR ( 'NONE', #1319, 1000.000000000000000 ) ;
#563 = EDGE_CURVE ( 'NONE', #865, #1253, #1254, .T. ) ;
#564 = VERTEX_POINT ( 'NONE', #793 ) ;
#565 = LINE ( 'NONE', #1073, #1617 ) ;
#566 = VECTOR ( 'NONE', #1141, 1000.000000000000000 ) ;
#567 = VERTEX_POINT ( 'NONE', #1060 ) ;
#568 = CIRCLE ( 'NONE', #1148, 2.500000000000002220 ) ;
#569 = AXIS2_PLACEMENT_3D ( 'NONE', #1362, #1628, #1385 ) ;
#570 = CARTESIAN_POINT ( 'NONE',  ( 62.74204024635073296, 4.000000000000010658, 0.001621735089766228322 ) ) ;
#571 = CIRCLE ( 'NONE', #173, 1.500000000000003997 ) ;
#572 = APPLICATION_CONTEXT ( 'automotive_design' ) ;
#573 = CARTESIAN_POINT ( 'NONE',  ( 35.24204024634976662, 1.500000000000010880, 6.500000000000000000 ) ) ;
#574 = CARTESIAN_POINT ( 'NONE',  ( 72.74204024634978794, 0.000000000000000000, 6.500000000000000000 ) ) ;
#575 = ORIENTED_EDGE ( 'NONE', *, *, #1075, .F. ) ;
#576 = FACE_OUTER_BOUND ( 'NONE', #863, .T. ) ;
#577 = EDGE_CURVE ( 'NONE', #873, #123, #426, .T. ) ;
#578 = ORIENTED_EDGE ( 'NONE', *, *, #1161, .F. ) ;
#579 = EDGE_CURVE ( 'NONE', #1204, #1496, #1293, .T. ) ;
#580 = DIRECTION ( 'NONE',  ( 0.000000000000000000, 1.000000000000000000, 0.000000000000000000 ) ) ;
#581 = DIRECTION ( 'NONE',  ( 0.000000000000000000, 0.000000000000000000, -1.000000000000000000 ) ) ;
#582 = FACE_OUTER_BOUND ( 'NONE', #1452, .T. ) ;
#583 = ORIENTED_EDGE ( 'NONE', *, *, #1607, .F. ) ;
#584 = DIRECTION ( 'NONE',  ( 0.000000000000000000, 0.000000000000000000, 1.000000000000000000 ) ) ;
#585 = ORIENTED_EDGE ( 'NONE', *, *, #1398, .T. ) ;
#586 = ADVANCED_FACE ( 'NONE', ( #1053 ), #161, .T. ) ;
#587 = LINE ( 'NONE', #471, #352 ) ;
#588 = DIRECTION ( 'NONE',  ( 1.000000000000000000, 0.000000000000000000, 0.000000000000000000 ) ) ;
#589 = CARTESIAN_POINT ( 'NONE',  ( 0.000000000000000000, -48.99999999999998579, -6.500000000000000000 ) ) ;
#590 = ORIENTED_EDGE ( 'NONE', *, *, #485, .T. ) ;
#591 = DIRECTION ( 'NONE',  ( 0.7071067811865474617, -0.7071067811865474617, 0.000000000000000000 ) ) ;
#592 = CIRCLE ( 'NONE', #89, 2.499999999999998668 ) ;
#593 = VERTEX_POINT ( 'NONE', #75 ) ;
#594 = VECTOR ( 'NONE', #800, 1000.000000000000000 ) ;
#595 = DIRECTION ( 'NONE',  ( -0.000000000000000000, 1.000000000000000000, -0.000000000000000000 ) ) ;
#596 = VECTOR ( 'NONE', #309, 1000.000000000000000 ) ;
#597 = EDGE_CURVE ( 'NONE', #124, #741, #1201, .T. ) ;
#598 = CARTESIAN_POINT ( 'NONE',  ( 62.74204024635073296, 10.00000000000000888, 0.001621735089766228322 ) ) ;
#599 = CIRCLE ( 'NONE', #941, 1.999999999999996669 ) ;
#600 = CARTESIAN_POINT ( 'NONE',  ( 37.74204024634978083, -38.99999999999998579, 1.500000000000003997 ) ) ;
#601 = VERTEX_POINT ( 'NONE', #185 ) ;
#602 = CARTESIAN_POINT ( 'NONE',  ( 5.500000000000001776, 22.50000000000000000, -6.500000000000000000 ) ) ;
#603 = ORIENTED_EDGE ( 'NONE', *, *, #729, .F. ) ;
#604 = ORIENTED_EDGE ( 'NONE', *, *, #1269, .T. ) ;
#605 = CARTESIAN_POINT ( 'NONE',  ( 52.74204024634978083, -42.99999999999998579, 0.000000000000000000 ) ) ;
#606 = DIRECTION ( 'NONE',  ( 1.000000000000000000, 0.000000000000000000, 0.000000000000000000 ) ) ;
#607 = EDGE_LOOP ( 'NONE', ( #1129, #1523 ) ) ;
#608 = CARTESIAN_POINT ( 'NONE',  ( 0.000000000000000000, -42.99999999999998579, 6.500000000000000000 ) ) ;
#609 = VERTEX_POINT ( 'NONE', #1302 ) ;
#610 = DIRECTION ( 'NONE',  ( 0.000000000000000000, -1.000000000000000000, 0.000000000000000000 ) ) ;
#611 = CARTESIAN_POINT ( 'NONE',  ( -22.78174593052034780, 54.99999999999999289, 6.500000000000000000 ) ) ;
#612 = EDGE_LOOP ( 'NONE', ( #1339, #999, #1117, #665 ) ) ;
#613 = DIRECTION ( 'NONE',  ( -0.000000000000000000, -0.000000000000000000, -1.000000000000000000 ) ) ;
#614 = EDGE_CURVE ( 'NONE', #1361, #1298, #171, .T. ) ;
#615 = ORIENTED_EDGE ( 'NONE', *, *, #369, .F. ) ;
#616 = AXIS2_PLACEMENT_3D ( 'NONE', #1598, #481, #618 ) ;
#617 = DIRECTION ( 'NONE',  ( 0.000000000000000000, 1.000000000000000000, 0.000000000000000000 ) ) ;
#618 = DIRECTION ( 'NONE',  ( 0.000000000000000000, 0.000000000000000000, -1.000000000000000000 ) ) ;
#619 = AXIS2_PLACEMENT_3D ( 'NONE', #165, #797, #805 ) ;
#620 = AXIS2_PLACEMENT_3D ( 'NONE', #573, #218, #57 ) ;
#621 = ORIENTED_EDGE ( 'NONE', *, *, #1409, .F. ) ;
#622 = CARTESIAN_POINT ( 'NONE',  ( -38.89087296526017212, 38.89087296526017212, -6.500000000000000000 ) ) ;
#623 = ORIENTED_EDGE ( 'NONE', *, *, #7, .F. ) ;
#624 = CARTESIAN_POINT ( 'NONE',  ( 67.74204024634977372, -48.99999999999998579, -1.499999999999997335 ) ) ;
#625 = ADVANCED_FACE ( 'NONE', ( #553 ), #1551, .T. ) ;
#626 = EDGE_LOOP ( 'NONE', ( #458, #175, #1168, #11 ) ) ;
#627 = CARTESIAN_POINT ( 'NONE',  ( -36.37543107805819176, 8.406314852462147158, -6.500000000000000000 ) ) ;
#628 = DIRECTION ( 'NONE',  ( -0.000000000000000000, -0.000000000000000000, 1.000000000000000000 ) ) ;
#629 = DIRECTION ( 'NONE',  ( 1.000000000000000000, 0.000000000000000000, 0.000000000000000000 ) ) ;
#630 = ORIENTED_EDGE ( 'NONE', *, *, #331, .T. ) ;
#631 = CARTESIAN_POINT ( 'NONE',  ( -34.37543107805819176, 8.406314852462147158, 3.500000000000000444 ) ) ;
#632 = DIRECTION ( 'NONE',  ( 0.000000000000000000, 0.000000000000000000, -1.000000000000000000 ) ) ;
#633 = EDGE_CURVE ( 'NONE', #78, #683, #1404, .T. ) ;
#634 = CARTESIAN_POINT ( 'NONE',  ( 70.24204024634975951, 7.500000000000008882, 6.500000000000000000 ) ) ;
#635 = CARTESIAN_POINT ( 'NONE',  ( 72.74204024634978794, -45.49999999999998579, -6.500000000000000000 ) ) ;
#636 = VERTEX_POINT ( 'NONE', #684 ) ;
#637 = FACE_OUTER_BOUND ( 'NONE', #389, .T. ) ;
#638 = ORIENTED_EDGE ( 'NONE', *, *, #1071, .T. ) ;
#639 = VECTOR ( 'NONE', #267, 1000.000000000000000 ) ;
#640 = DIRECTION ( 'NONE',  ( 0.000000000000000000, 0.000000000000000000, -1.000000000000000000 ) ) ;
#641 = LINE ( 'NONE', #767, #166 ) ;
#642 = AXIS2_PLACEMENT_3D ( 'NONE', #535, #528, #1526 ) ;
#643 = ADVANCED_FACE ( 'NONE', ( #559 ), #1197, .F. ) ;
#644 = AXIS2_PLACEMENT_3D ( 'NONE', #1516, #262, #782 ) ;
#645 = DIRECTION ( 'NONE',  ( 1.000000000000000000, 0.000000000000000000, 0.000000000000000000 ) ) ;
#646 = VECTOR ( 'NONE', #1229, 1000.000000000000000 ) ;
#647 = ORIENTED_EDGE ( 'NONE', *, *, #1184, .F. ) ;
#648 = DIRECTION ( 'NONE',  ( 0.000000000000000000, 0.000000000000000000, -1.000000000000000000 ) ) ;
#649 = VERTEX_POINT ( 'NONE', #952 ) ;
#650 = DIRECTION ( 'NONE',  ( 1.000000000000000000, 0.000000000000000000, -0.000000000000000000 ) ) ;
#651 = SURFACE_SIDE_STYLE ('',( #1134 ) ) ;
#652 = PRODUCT_RELATED_PRODUCT_CATEGORY ( 'part', '', ( #994 ) ) ;
#653 = APPLICATION_CONTEXT ( 'automotive_design' ) ;
#654 = DIRECTION ( 'NONE',  ( 0.000000000000000000, -0.000000000000000000, -1.000000000000000000 ) ) ;
#655 = ADVANCED_FACE ( 'NONE', ( #1447 ), #314, .T. ) ;
#656 = ORIENTED_EDGE ( 'NONE', *, *, #1363, .F. ) ;
#657 = FACE_OUTER_BOUND ( 'NONE', #1541, .T. ) ;
#658 = ORIENTED_EDGE ( 'NONE', *, *, #1110, .F. ) ;
#659 = PLANE ( 'NONE',  #1486 ) ;
#660 = FACE_OUTER_BOUND ( 'NONE', #167, .T. ) ;
#661 = CARTESIAN_POINT ( 'NONE',  ( 37.74204024634978083, -48.99999999999998579, -1.500000000000003997 ) ) ;
#662 = ORIENTED_EDGE ( 'NONE', *, *, #81, .T. ) ;
#663 = DIRECTION ( 'NONE',  ( -0.000000000000000000, 1.000000000000000000, -0.000000000000000000 ) ) ;
#664 = ADVANCED_FACE ( 'NONE', ( #340 ), #1336, .F. ) ;
#665 = ORIENTED_EDGE ( 'NONE', *, *, #1553, .F. ) ;
#666 = DIRECTION ( 'NONE',  ( 0.000000000000000000, 0.000000000000000000, -1.000000000000000000 ) ) ;
#667 = CARTESIAN_POINT ( 'NONE',  ( 70.24204024634975951, -45.49999999999998579, 6.500000000000000000 ) ) ;
#668 = CIRCLE ( 'NONE', #35, 14.94999999999999929 ) ;
#669 = DIRECTION ( 'NONE',  ( 0.000000000000000000, 0.000000000000000000, 1.000000000000000000 ) ) ;
#670 = AXIS2_PLACEMENT_3D ( 'NONE', #547, #1190, #1066 ) ;
#671 = ORIENTED_EDGE ( 'NONE', *, *, #207, .F. ) ;
#672 = CARTESIAN_POINT ( 'NONE',  ( -44.37543107805813491, -33.40631485246209564, -6.500000000000000000 ) ) ;
#673 = AXIS2_PLACEMENT_3D ( 'NONE', #27, #141, #790 ) ;
#674 = VECTOR ( 'NONE', #334, 1000.000000000000000 ) ;
#675 = ORIENTED_EDGE ( 'NONE', *, *, #73, .F. ) ;
#676 = EDGE_CURVE ( 'NONE', #526, #1283, #142, .T. ) ;
#677 = VECTOR ( 'NONE', #766, 1000.000000000000000 ) ;
#678 = CARTESIAN_POINT ( 'NONE',  ( 42.74204024635072585, 8.673617379884035472E-15, -1.998378264911569113 ) ) ;
#679 = CARTESIAN_POINT ( 'NONE',  ( 70.24204024634977372, -48.99999999999998579, 6.500000000000000000 ) ) ;
#680 = LINE ( 'NONE', #705, #9 ) ;
#681 = ORIENTED_EDGE ( 'NONE', *, *, #474, .T. ) ;
#682 = LINE ( 'NONE', #1555, #67 ) ;
#683 = VERTEX_POINT ( 'NONE', #1223 ) ;
#684 = CARTESIAN_POINT ( 'NONE',  ( 72.74204024634978794, -46.49999999999997868, 6.500000000000000000 ) ) ;
#685 = ADVANCED_FACE ( 'NONE', ( #125 ), #1464, .F. ) ;
#686 = CARTESIAN_POINT ( 'NONE',  ( 32.74204024634977372, 12.50000000000000711, 6.500000000000000000 ) ) ;
#687 = ORIENTED_EDGE ( 'NONE', *, *, #1618, .F. ) ;
#688 = FACE_BOUND ( 'NONE', #112, .T. ) ;
#689 = EDGE_LOOP ( 'NONE', ( #475, #1274 ) ) ;
#690 =( NAMED_UNIT ( * ) PLANE_ANGLE_UNIT ( ) SI_UNIT ( $, .RADIAN. ) );
#691 = CARTESIAN_POINT ( 'NONE',  ( -22.37543107805819531, -27.59368514753785107, 3.500000000000000444 ) ) ;
#692 = DIRECTION ( 'NONE',  ( 0.000000000000000000, 0.000000000000000000, 1.000000000000000000 ) ) ;
#693 = DIRECTION ( 'NONE',  ( -0.1320951163290497166, 0.9912370454346502990, 0.000000000000000000 ) ) ;
#694 = ADVANCED_FACE ( 'NONE', ( #958 ), #710, .F. ) ;
#695 = AXIS2_PLACEMENT_3D ( 'NONE', #1456, #929, #980 ) ;
#696 = EDGE_LOOP ( 'NONE', ( #621, #87 ) ) ;
#697 = LINE ( 'NONE', #79, #777 ) ;
#698 = AXIS2_PLACEMENT_3D ( 'NONE', #1432, #301, #56 ) ;
#699 = ORIENTED_EDGE ( 'NONE', *, *, #515, .F. ) ;
#700 = CIRCLE ( 'NONE', #887, 1.499999999999997335 ) ;
#701 = VECTOR ( 'NONE', #1068, 1000.000000000000000 ) ;
#702 = CARTESIAN_POINT ( 'NONE',  ( -12.28174593052023233, -54.99999999999999289, 6.500000000000000000 ) ) ;
#703 = DIRECTION ( 'NONE',  ( -1.000000000000000000, 0.000000000000000000, 0.000000000000000000 ) ) ;
#704 = DIRECTION ( 'NONE',  ( -0.000000000000000000, -1.000000000000000000, -0.000000000000000000 ) ) ;
#705 = CARTESIAN_POINT ( 'NONE',  ( 35.24204024634977372, 10.00000000000000888, 6.500000000000000000 ) ) ;
#706 = ORIENTED_EDGE ( 'NONE', *, *, #1075, .T. ) ;
#707 = CARTESIAN_POINT ( 'NONE',  ( 8.000000000000000000, 22.50000000000000000, -6.500000000000000000 ) ) ;
#708 = EDGE_CURVE ( 'NONE', #22, #601, #95, .T. ) ;
#709 = ORIENTED_EDGE ( 'NONE', *, *, #1377, .F. ) ;
#710 = PLANE ( 'NONE',  #407 ) ;
#711 = DIRECTION ( 'NONE',  ( 0.000000000000000000, -1.000000000000000000, 0.000000000000000000 ) ) ;
#712 = CARTESIAN_POINT ( 'NONE',  ( 72.74204024634978794, 0.000000000000000000, 6.500000000000000000 ) ) ;
#713 = ORIENTED_EDGE ( 'NONE', *, *, #1252, .F. ) ;
#714 = FACE_BOUND ( 'NONE', #1403, .T. ) ;
#715 = VERTEX_POINT ( 'NONE', #90 ) ;
#716 = ADVANCED_FACE ( 'NONE', ( #1576 ), #763, .T. ) ;
#717 = CARTESIAN_POINT ( 'NONE',  ( -18.63961030678927244, -45.00000000000000000, 6.500000000000000000 ) ) ;
#718 = CARTESIAN_POINT ( 'NONE',  ( 35.24204024634977372, 12.50000000000000711, -6.500000000000000000 ) ) ;
#719 = CARTESIAN_POINT ( 'NONE',  ( -34.37543107805819176, 8.406314852462147158, -6.500000000000000000 ) ) ;
#720 = ORIENTED_EDGE ( 'NONE', *, *, #235, .F. ) ;
#721 = LINE ( 'NONE', #222, #434 ) ;
#722 = VECTOR ( 'NONE', #869, 1000.000000000000000 ) ;
#723 = ORIENTED_EDGE ( 'NONE', *, *, #1425, .T. ) ;
#724 = AXIS2_PLACEMENT_3D ( 'NONE', #136, #1387, #785 ) ;
#725 = EDGE_CURVE ( 'NONE', #1025, #1627, #587, .T. ) ;
#726 = DIRECTION ( 'NONE',  ( -0.000000000000000000, 0.000000000000000000, 1.000000000000000000 ) ) ;
#727 = VECTOR ( 'NONE', #560, 1000.000000000000000 ) ;
#728 = DIRECTION ( 'NONE',  ( -1.000000000000000000, 0.000000000000000000, 0.000000000000000000 ) ) ;
#729 = EDGE_CURVE ( 'NONE', #498, #820, #1584, .T. ) ;
#730 = AXIS2_PLACEMENT_3D ( 'NONE', #16, #773, #1277 ) ;
#731 = FACE_BOUND ( 'NONE', #53, .T. ) ;
#732 = EDGE_LOOP ( 'NONE', ( #1463, #1485, #1443, #1623 ) ) ;
#733 = PLANE ( 'NONE',  #96 ) ;
#734 = ORIENTED_EDGE ( 'NONE', *, *, #158, .T. ) ;
#735 = CARTESIAN_POINT ( 'NONE',  ( 70.24204024634977372, 4.000000000000010658, 6.500000000000000000 ) ) ;
#736 = LINE ( 'NONE', #1004, #538 ) ;
#737 = EDGE_CURVE ( 'NONE', #741, #124, #1045, .T. ) ;
#738 = ORIENTED_EDGE ( 'NONE', *, *, #1629, .T. ) ;
#739 = LINE ( 'NONE', #1244, #353 ) ;
#740 = ORIENTED_EDGE ( 'NONE', *, *, #1119, .F. ) ;
#741 = VERTEX_POINT ( 'NONE', #624 ) ;
#742 = DIRECTION ( 'NONE',  ( 0.000000000000000000, 1.000000000000000000, 0.000000000000000000 ) ) ;
#743 = FACE_BOUND ( 'NONE', #479, .T. ) ;
#744 = EDGE_CURVE ( 'NONE', #140, #55, #1008, .T. ) ;
#745 = ORIENTED_EDGE ( 'NONE', *, *, #725, .F. ) ;
#746 = FACE_OUTER_BOUND ( 'NONE', #876, .T. ) ;
#747 = ADVANCED_FACE ( 'NONE', ( #880 ), #758, .F. ) ;
#748 = ORIENTED_EDGE ( 'NONE', *, *, #1332, .F. ) ;
#749 = VERTEX_POINT ( 'NONE', #333 ) ;
#750 = AXIS2_PLACEMENT_3D ( 'NONE', #786, #260, #1135 ) ;
#751 = AXIS2_PLACEMENT_3D ( 'NONE', #512, #31, #1278 ) ;
#752 = DIRECTION ( 'NONE',  ( 1.000000000000000000, 0.000000000000000000, 0.000000000000000000 ) ) ;
#753 =( LENGTH_UNIT ( ) NAMED_UNIT ( * ) SI_UNIT ( .MILLI., .METRE. ) );
#754 = CIRCLE ( 'NONE', #43, 1.999999999999996669 ) ;
#755 = ORIENTED_EDGE ( 'NONE', *, *, #297, .T. ) ;
#756 = DIRECTION ( 'NONE',  ( 0.7895094060203969866, -0.6137384604253834919, 0.000000000000000000 ) ) ;
#757 = EDGE_LOOP ( 'NONE', ( #228, #263, #671, #224 ) ) ;
#758 = CYLINDRICAL_SURFACE ( 'NONE', #1018, 1.999999999999895195 ) ;
#759 = EDGE_CURVE ( 'NONE', #1595, #306, #1259, .T. ) ;
#760 = CARTESIAN_POINT ( 'NONE',  ( 52.74204024634978083, -42.99999999999998579, 0.000000000000000000 ) ) ;
#761 = DIRECTION ( 'NONE',  ( 1.000000000000000000, 0.000000000000000000, 0.000000000000000000 ) ) ;
#762 = ORIENTED_EDGE ( 'NONE', *, *, #1409, .T. ) ;
#763 = CYLINDRICAL_SURFACE ( 'NONE', #299, 2.499999999999998668 ) ;
#764 = EDGE_LOOP ( 'NONE', ( #1602, #915 ) ) ;
#765 = EDGE_CURVE ( 'NONE', #126, #1025, #966, .T. ) ;
#766 = DIRECTION ( 'NONE',  ( 1.000000000000000000, 0.000000000000000000, 0.000000000000000000 ) ) ;
#767 = CARTESIAN_POINT ( 'NONE',  ( 0.000000000000000000, 10.00000000000000888, 6.500000000000000000 ) ) ;
#768 = CARTESIAN_POINT ( 'NONE',  ( 72.74204024634978794, 7.500000000000008882, 6.500000000000000000 ) ) ;
#769 = EDGE_LOOP ( 'NONE', ( #944, #988, #1348, #543 ) ) ;
#770 = LINE ( 'NONE', #1145, #39 ) ;
#771 = ORIENTED_EDGE ( 'NONE', *, *, #1620, .T. ) ;
#772 = AXIS2_PLACEMENT_3D ( 'NONE', #1442, #693, #317 ) ;
#773 = DIRECTION ( 'NONE',  ( -1.000000000000000000, 0.000000000000000000, 0.000000000000000000 ) ) ;
#774 = CARTESIAN_POINT ( 'NONE',  ( 32.74204024634977372, 1.500000000000010880, 6.500000000000000000 ) ) ;
#775 = PRESENTATION_LAYER_ASSIGNMENT (  '', '', ( #1095 ) ) ;
#776 = EDGE_CURVE ( 'NONE', #1298, #636, #568, .T. ) ;
#777 = VECTOR ( 'NONE', #457, 1000.000000000000000 ) ;
#778 = FACE_OUTER_BOUND ( 'NONE', #20, .T. ) ;
#779 = CIRCLE ( 'NONE', #1536, 2.500000000000002220 ) ;
#780 = EDGE_LOOP ( 'NONE', ( #1285, #658, #1616, #230 ) ) ;
#781 = CIRCLE ( 'NONE', #1594, 2.500000000000002220 ) ;
#782 = DIRECTION ( 'NONE',  ( 0.000000000000000000, -0.000000000000000000, 1.000000000000000000 ) ) ;
#783 = ORIENTED_EDGE ( 'NONE', *, *, #849, .F. ) ;
#784 = LINE ( 'NONE', #160, #518 ) ;
#785 = DIRECTION ( 'NONE',  ( 1.000000000000000000, 0.000000000000000000, 0.000000000000000000 ) ) ;
#786 = CARTESIAN_POINT ( 'NONE',  ( -38.89087296526011528, -38.89087296526011528, 6.500000000000000000 ) ) ;
#787 = PRODUCT_DEFINITION_CONTEXT ( 'detailed design', #653, 'design' ) ;
#788 = ADVANCED_FACE ( 'NONE', ( #637 ), #217, .F. ) ;
#789 = EDGE_LOOP ( 'NONE', ( #1096, #181, #256, #675 ) ) ;
#790 = DIRECTION ( 'NONE',  ( 0.000000000000000000, 0.000000000000000000, 1.000000000000000000 ) ) ;
#791 = EDGE_LOOP ( 'NONE', ( #4, #269, #720, #841 ) ) ;
#792 = CARTESIAN_POINT ( 'NONE',  ( 35.24204024634977372, 12.50000000000000711, 6.500000000000000000 ) ) ;
#793 = CARTESIAN_POINT ( 'NONE',  ( 32.74204024634977372, 18.77689380066540537, 6.500000000000000000 ) ) ;
#794 = DIRECTION ( 'NONE',  ( -0.000000000000000000, 0.000000000000000000, -1.000000000000000000 ) ) ;
#795 = EDGE_CURVE ( 'NONE', #1027, #482, #832, .T. ) ;
#796 = ORIENTED_EDGE ( 'NONE', *, *, #1297, .T. ) ;
#797 = DIRECTION ( 'NONE',  ( 0.000000000000000000, 0.000000000000000000, -1.000000000000000000 ) ) ;
#798 = VERTEX_POINT ( 'NONE', #1290 ) ;
#799 = DIRECTION ( 'NONE',  ( 1.000000000000000000, 0.000000000000000000, 0.000000000000000000 ) ) ;
#800 = DIRECTION ( 'NONE',  ( 0.000000000000000000, 1.000000000000000000, -0.000000000000000000 ) ) ;
#801 = DIRECTION ( 'NONE',  ( 0.000000000000000000, 0.000000000000000000, 1.000000000000000000 ) ) ;
#802 =( GEOMETRIC_REPRESENTATION_CONTEXT ( 3 ) GLOBAL_UNCERTAINTY_ASSIGNED_CONTEXT ( ( #971 ) ) GLOBAL_UNIT_ASSIGNED_CONTEXT ( ( #753, #1159, #1287 ) ) REPRESENTATION_CONTEXT ( 'NONE', 'WORKASPACE' ) );
#803 = AXIS2_PLACEMENT_3D ( 'NONE', #176, #1273, #648 ) ;
#804 = ORIENTED_EDGE ( 'NONE', *, *, #737, .F. ) ;
#805 = DIRECTION ( 'NONE',  ( -1.000000000000000000, 0.000000000000000000, -0.000000000000000000 ) ) ;
#806 = VECTOR ( 'NONE', #756, 1000.000000000000000 ) ;
#807 = CIRCLE ( 'NONE', #1180, 2.000000000000001776 ) ;
#808 = ORIENTED_EDGE ( 'NONE', *, *, #847, .T. ) ;
#809 = EDGE_CURVE ( 'NONE', #1213, #1063, #1427, .T. ) ;
#810 = AXIS2_PLACEMENT_3D ( 'NONE', #627, #1501, #238 ) ;
#811 = DIRECTION ( 'NONE',  ( 0.000000000000000000, 0.000000000000000000, -1.000000000000000000 ) ) ;
#812 = DIRECTION ( 'NONE',  ( 0.000000000000000000, 1.000000000000000000, 0.000000000000000000 ) ) ;
#813 = ORIENTED_EDGE ( 'NONE', *, *, #81, .F. ) ;
#814 = LINE ( 'NONE', #1314, #220 ) ;
#815 = VERTEX_POINT ( 'NONE', #157 ) ;
#816 = EDGE_CURVE ( 'NONE', #963, #1613, #1509, .T. ) ;
#817 = FACE_BOUND ( 'NONE', #853, .T. ) ;
#818 = CARTESIAN_POINT ( 'NONE',  ( 70.24204024634975951, -45.49999999999998579, 6.500000000000000000 ) ) ;
#819 = CARTESIAN_POINT ( 'NONE',  ( 0.000000000000000000, -42.99999999999998579, -6.500000000000000000 ) ) ;
#820 = VERTEX_POINT ( 'NONE', #1548 ) ;
#821 = DIRECTION ( 'NONE',  ( 0.000000000000000000, -0.000000000000000000, 1.000000000000000000 ) ) ;
#822 = EDGE_LOOP ( 'NONE', ( #630, #383, #1138, #233 ) ) ;
#823 = SHAPE_DEFINITION_REPRESENTATION ( #366, #252 ) ;
#824 = CARTESIAN_POINT ( 'NONE',  ( -18.63961030678927244, -45.00000000000000000, 6.500000000000000000 ) ) ;
#825 = DIRECTION ( 'NONE',  ( 1.000000000000000000, 0.000000000000000000, 0.000000000000000000 ) ) ;
#826 = DIRECTION ( 'NONE',  ( 0.000000000000000000, 0.000000000000000000, 1.000000000000000000 ) ) ;
#827 = ADVANCED_FACE ( 'NONE', ( #1038 ), #1529, .F. ) ;
#828 = ORIENTED_EDGE ( 'NONE', *, *, #158, .F. ) ;
#829 = DIRECTION ( 'NONE',  ( 1.000000000000000000, 0.000000000000000000, 0.000000000000000000 ) ) ;
#830 = AXIS2_PLACEMENT_3D ( 'NONE', #1559, #444, #66 ) ;
#831 = ORIENTED_EDGE ( 'NONE', *, *, #369, .T. ) ;
#832 = CIRCLE ( 'NONE', #1230, 2.500000000000002220 ) ;
#833 = VECTOR ( 'NONE', #363, 1000.000000000000114 ) ;
#834 = PRODUCT_CONTEXT ( 'NONE', #572, 'mechanical' ) ;
#835 = CARTESIAN_POINT ( 'NONE',  ( -38.89087296526017212, 38.89087296526017212, 6.500000000000000000 ) ) ;
#836 = CARTESIAN_POINT ( 'NONE',  ( 62.74204024635073296, 4.000000000000010658, -1.998378264910128932 ) ) ;
#837 = DIRECTION ( 'NONE',  ( 1.000000000000000000, 0.000000000000000000, 0.000000000000000000 ) ) ;
#838 = EDGE_CURVE ( 'NONE', #715, #1627, #390, .T. ) ;
#839 = VERTEX_POINT ( 'NONE', #1169 ) ;
#840 = CARTESIAN_POINT ( 'NONE',  ( 67.74204024634977372, -42.99999999999998579, 0.000000000000000000 ) ) ;
#841 = ORIENTED_EDGE ( 'NONE', *, *, #1439, .F. ) ;
#842 = DIRECTION ( 'NONE',  ( -0.000000000000000000, -0.000000000000000000, -1.000000000000000000 ) ) ;
#843 = CARTESIAN_POINT ( 'NONE',  ( 31.77638639741323701, 20.75066731571639878, -6.500000000000000000 ) ) ;
#844 = DIRECTION ( 'NONE',  ( 1.000000000000000000, 0.000000000000000000, 0.000000000000000000 ) ) ;
#845 = ORIENTED_EDGE ( 'NONE', *, *, #923, .T. ) ;
#846 = CARTESIAN_POINT ( 'NONE',  ( 67.74204024634977372, -42.99999999999998579, -1.499999999999997335 ) ) ;
#847 = EDGE_CURVE ( 'NONE', #345, #873, #416, .T. ) ;
#848 = ORIENTED_EDGE ( 'NONE', *, *, #900, .T. ) ;
#849 = EDGE_CURVE ( 'NONE', #123, #126, #925, .T. ) ;
#850 = DIRECTION ( 'NONE',  ( 1.000000000000000000, 0.000000000000000000, 0.000000000000000000 ) ) ;
#851 = DIRECTION ( 'NONE',  ( 0.000000000000000000, 0.000000000000000000, 1.000000000000000000 ) ) ;
#852 = LINE ( 'NONE', #335, #1227 ) ;
#853 = EDGE_LOOP ( 'NONE', ( #709, #1295 ) ) ;
#854 = DIRECTION ( 'NONE',  ( -0.000000000000000000, -0.000000000000000000, -1.000000000000000000 ) ) ;
#855 = ORIENTED_EDGE ( 'NONE', *, *, #1328, .T. ) ;
#856 = CIRCLE ( 'NONE', #670, 1.500000000000003997 ) ;
#857 = AXIS2_PLACEMENT_3D ( 'NONE', #932, #898, #1057 ) ;
#858 = EDGE_CURVE ( 'NONE', #965, #532, #938, .T. ) ;
#859 = VECTOR ( 'NONE', #1199, 1000.000000000000000 ) ;
#860 = CARTESIAN_POINT ( 'NONE',  ( 42.74204024635072585, 10.00000000000000888, 0.001621735087470321801 ) ) ;
#861 = CIRCLE ( 'NONE', #302, 2.499999999999998668 ) ;
#862 = PLANE ( 'NONE',  #911 ) ;
#863 = EDGE_LOOP ( 'NONE', ( #1258, #1389, #289, #1468, #1243, #1498, #1315, #1113, #14, #949, #1080, #1330, #796, #604, #551, #365, #1246, #311, #699, #29, #415, #1039, #1014, #60 ) ) ;
#864 = CARTESIAN_POINT ( 'NONE',  ( 67.74204024634977372, -38.99999999999998579, 0.000000000000000000 ) ) ;
#865 = VERTEX_POINT ( 'NONE', #1309 ) ;
#866 = ORIENTED_EDGE ( 'NONE', *, *, #1161, .T. ) ;
#867 = ADVANCED_FACE ( 'NONE', ( #406 ), #288, .F. ) ;
#868 = DIRECTION ( 'NONE',  ( 0.000000000000000000, -0.000000000000000000, 1.000000000000000000 ) ) ;
#869 = DIRECTION ( 'NONE',  ( 0.000000000000000000, 1.000000000000000000, -0.000000000000000000 ) ) ;
#870 = VERTEX_POINT ( 'NONE', #281 ) ;
#871 = LINE ( 'NONE', #1606, #806 ) ;
#872 = ORIENTED_EDGE ( 'NONE', *, *, #28, .F. ) ;
#873 = VERTEX_POINT ( 'NONE', #672 ) ;
#874 = DIRECTION ( 'NONE',  ( 1.000000000000000000, 0.000000000000000000, 0.000000000000000000 ) ) ;
#875 = DIRECTION ( 'NONE',  ( 1.000000000000000000, 0.000000000000000000, 0.000000000000000000 ) ) ;
#876 = EDGE_LOOP ( 'NONE', ( #1372, #1521, #1470, #440 ) ) ;
#877 = LINE ( 'NONE', #969, #300 ) ;
#878 = ADVANCED_FACE ( 'NONE', ( #423 ), #295, .T. ) ;
#879 = ORIENTED_EDGE ( 'NONE', *, *, #1377, .T. ) ;
#880 = FACE_OUTER_BOUND ( 'NONE', #329, .T. ) ;
#881 = CIRCLE ( 'NONE', #510, 1.999999999999039435 ) ;
#882 = ORIENTED_EDGE ( 'NONE', *, *, #1380, .F. ) ;
#883 = AXIS2_PLACEMENT_3D ( 'NONE', #1588, #464, #844 ) ;
#884 = AXIS2_PLACEMENT_3D ( 'NONE', #1352, #219, #368 ) ;
#885 = CARTESIAN_POINT ( 'NONE',  ( 72.74204024634978794, -46.49999999999997868, 6.500000000000000000 ) ) ;
#886 = CYLINDRICAL_SURFACE ( 'NONE', #1506, 1.499999999999997335 ) ;
#887 = AXIS2_PLACEMENT_3D ( 'NONE', #840, #189, #1573 ) ;
#888 = CIRCLE ( 'NONE', #408, 1.500000000000003997 ) ;
#889 = CARTESIAN_POINT ( 'NONE',  ( 0.000000000000000000, 54.99999999999999289, 6.500000000000000000 ) ) ;
#890 = AXIS2_PLACEMENT_3D ( 'NONE', #49, #264, #1406 ) ;
#891 = ADVANCED_FACE ( 'NONE', ( #657 ), #1296, .F. ) ;
#892 = ORIENTED_EDGE ( 'NONE', *, *, #676, .T. ) ;
#893 = CARTESIAN_POINT ( 'NONE',  ( 35.24204024634976662, 1.500000000000010880, 6.500000000000000000 ) ) ;
#894 = DIRECTION ( 'NONE',  ( 0.000000000000000000, 0.000000000000000000, -1.000000000000000000 ) ) ;
#895 = CARTESIAN_POINT ( 'NONE',  ( 52.74204024634978083, -48.99999999999998579, 1.500000000000003997 ) ) ;
#896 = CARTESIAN_POINT ( 'NONE',  ( 5.500000000000001776, 22.50000000000000000, -6.500000000000000000 ) ) ;
#897 = EDGE_LOOP ( 'NONE', ( #1257, #783, #1346, #1426 ) ) ;
#898 = DIRECTION ( 'NONE',  ( -0.000000000000000000, 1.000000000000000000, -0.000000000000000000 ) ) ;
#899 = ORIENTED_EDGE ( 'NONE', *, *, #1439, .T. ) ;
#900 = EDGE_CURVE ( 'NONE', #601, #22, #378, .T. ) ;
#901 = CARTESIAN_POINT ( 'NONE',  ( -36.37543107805819176, 8.406314852462147158, 3.500000000000000444 ) ) ;
#902 = LINE ( 'NONE', #774, #513 ) ;
#903 = CARTESIAN_POINT ( 'NONE',  ( -12.28174593052023411, 54.99999999999998579, -6.500000000000000000 ) ) ;
#904 = ORIENTED_EDGE ( 'NONE', *, *, #1341, .T. ) ;
#905 = CARTESIAN_POINT ( 'NONE',  ( -44.37543107805816334, -3.686924577591941037E-14, -6.500000000000000000 ) ) ;
#906 = ORIENTED_EDGE ( 'NONE', *, *, #257, .F. ) ;
#907 = VECTOR ( 'NONE', #137, 1000.000000000000000 ) ;
#908 = LINE ( 'NONE', #153, #437 ) ;
#909 = EDGE_CURVE ( 'NONE', #46, #1247, #770, .T. ) ;
#910 = DIRECTION ( 'NONE',  ( 0.000000000000000000, -0.000000000000000000, 1.000000000000000000 ) ) ;
#911 = AXIS2_PLACEMENT_3D ( 'NONE', #227, #204, #1370 ) ;
#912 = AXIS2_PLACEMENT_3D ( 'NONE', #305, #584, #829 ) ;
#913 = CARTESIAN_POINT ( 'NONE',  ( 70.24204024634975951, 7.500000000000008882, -6.500000000000000000 ) ) ;
#914 = AXIS2_PLACEMENT_3D ( 'NONE', #1318, #692, #825 ) ;
#915 = ORIENTED_EDGE ( 'NONE', *, *, #1371, .F. ) ;
#916 = AXIS2_PLACEMENT_3D ( 'NONE', #435, #945, #1196 ) ;
#917 = CARTESIAN_POINT ( 'NONE',  ( -12.28174593052023233, -54.99999999999999289, 6.500000000000000000 ) ) ;
#918 = EDGE_LOOP ( 'NONE', ( #1289, #1414, #740, #662 ) ) ;
#919 = CARTESIAN_POINT ( 'NONE',  ( -36.37543107805819176, 8.406314852462147158, 3.500000000000000444 ) ) ;
#920 = DIRECTION ( 'NONE',  ( 0.000000000000000000, 0.000000000000000000, 1.000000000000000000 ) ) ;
#921 = EDGE_CURVE ( 'NONE', #1162, #973, #541, .T. ) ;
#922 = DIRECTION ( 'NONE',  ( 1.000000000000000000, 0.000000000000000000, 0.000000000000000000 ) ) ;
#923 = EDGE_CURVE ( 'NONE', #1374, #159, #540, .T. ) ;
#924 = ORIENTED_EDGE ( 'NONE', *, *, #1467, .T. ) ;
#925 = LINE ( 'NONE', #1156, #271 ) ;
#926 = ORIENTED_EDGE ( 'NONE', *, *, #776, .T. ) ;
#927 = CARTESIAN_POINT ( 'NONE',  ( -0.000000000000000000, 54.99999999999999289, -6.500000000000000000 ) ) ;
#928 = CARTESIAN_POINT ( 'NONE',  ( 72.74204024634978794, 0.000000000000000000, -6.500000000000000000 ) ) ;
#929 = DIRECTION ( 'NONE',  ( 0.000000000000000000, -0.000000000000000000, -1.000000000000000000 ) ) ;
#930 = ADVANCED_FACE ( 'NONE', ( #1031 ), #519, .T. ) ;
#931 = ORIENTED_EDGE ( 'NONE', *, *, #708, .T. ) ;
#932 = CARTESIAN_POINT ( 'NONE',  ( 42.74204024635072585, 8.673617379884035472E-15, 0.001621735087470321801 ) ) ;
#933 = ORIENTED_EDGE ( 'NONE', *, *, #1478, .F. ) ;
#934 = DIRECTION ( 'NONE',  ( 0.000000000000000000, 1.000000000000000000, 0.000000000000000000 ) ) ;
#935 = CARTESIAN_POINT ( 'NONE',  ( -38.89087296526011528, -38.89087296526011528, -6.500000000000000000 ) ) ;
#936 = DIRECTION ( 'NONE',  ( -1.000000000000000000, 0.000000000000000000, 0.000000000000000000 ) ) ;
#937 = COLOUR_RGB ( '',0.7921568627450980005, 0.8196078431372548767, 0.9333333333333333481 ) ;
#938 = CIRCLE ( 'NONE', #1484, 1.499999999999997335 ) ;
#939 = ORIENTED_EDGE ( 'NONE', *, *, #431, .F. ) ;
#940 = CARTESIAN_POINT ( 'NONE',  ( 37.74204024634978083, -42.99999999999998579, 1.500000000000003997 ) ) ;
#941 = AXIS2_PLACEMENT_3D ( 'NONE', #1097, #206, #337 ) ;
#942 = ADVANCED_FACE ( 'NONE', ( #1284 ), #151, .F. ) ;
#943 = AXIS2_PLACEMENT_3D ( 'NONE', #1301, #934, #552 ) ;
#944 = ORIENTED_EDGE ( 'NONE', *, *, #1363, .T. ) ;
#945 = DIRECTION ( 'NONE',  ( 0.000000000000000000, 0.000000000000000000, 1.000000000000000000 ) ) ;
#946 = CARTESIAN_POINT ( 'NONE',  ( 62.74204024635073296, 4.000000000000010658, 2.001621735089661236 ) ) ;
#947 = DIRECTION ( 'NONE',  ( 1.000000000000000000, 0.000000000000000000, 0.000000000000000000 ) ) ;
#948 = PLANE ( 'NONE',  #772 ) ;
#949 = ORIENTED_EDGE ( 'NONE', *, *, #1544, .T. ) ;
#950 = CARTESIAN_POINT ( 'NONE',  ( -18.63961030678927244, -54.99999999999999289, 6.500000000000000000 ) ) ;
#951 = ORIENTED_EDGE ( 'NONE', *, *, #198, .T. ) ;
#952 = CARTESIAN_POINT ( 'NONE',  ( -44.37543107805819176, 33.40631485246214538, 6.500000000000000000 ) ) ;
#953 = CYLINDRICAL_SURFACE ( 'NONE', #620, 2.500000000000002220 ) ;
#954 = DIRECTION ( 'NONE',  ( -0.000000000000000000, -0.000000000000000000, 1.000000000000000000 ) ) ;
#955 = ORIENTED_EDGE ( 'NONE', *, *, #1245, .F. ) ;
#956 = CARTESIAN_POINT ( 'NONE',  ( 35.24204024634976662, 4.000000000000010658, 6.500000000000000000 ) ) ;
#957 = ORIENTED_EDGE ( 'NONE', *, *, #563, .F. ) ;
#958 = FACE_OUTER_BOUND ( 'NONE', #918, .T. ) ;
#959 = EDGE_CURVE ( 'NONE', #144, #1554, #697, .T. ) ;
#960 = DIRECTION ( 'NONE',  ( 1.000000000000000000, 0.000000000000000000, 0.000000000000000000 ) ) ;
#961 = CARTESIAN_POINT ( 'NONE',  ( 42.74204024635072585, 10.00000000000000888, 2.001621735086509979 ) ) ;
#962 = AXIS2_PLACEMENT_3D ( 'NONE', #1153, #1023, #629 ) ;
#963 = VERTEX_POINT ( 'NONE', #940 ) ;
#964 = CARTESIAN_POINT ( 'NONE',  ( -36.37543107805819176, 8.406314852462147158, 3.500000000000000444 ) ) ;
#965 = VERTEX_POINT ( 'NONE', #846 ) ;
#966 = CIRCLE ( 'NONE', #993, 10.00000000000000000 ) ;
#967 = VECTOR ( 'NONE', #1603, 1000.000000000000000 ) ;
#968 = CARTESIAN_POINT ( 'NONE',  ( -22.37543107805819531, -27.59368514753785107, 3.500000000000000444 ) ) ;
#969 = CARTESIAN_POINT ( 'NONE',  ( 67.74204024634977372, -38.99999999999998579, -1.499999999999997335 ) ) ;
#970 = FACE_OUTER_BOUND ( 'NONE', #294, .T. ) ;
#971 = UNCERTAINTY_MEASURE_WITH_UNIT (LENGTH_MEASURE( 1.000000000000000082E-05 ), #753, 'distance_accuracy_value', 'NONE');
#972 = EDGE_CURVE ( 'NONE', #55, #798, #682, .T. ) ;
#973 = VERTEX_POINT ( 'NONE', #1592 ) ;
#974 = DIRECTION ( 'NONE',  ( -0.000000000000000000, -0.000000000000000000, 1.000000000000000000 ) ) ;
#975 = ADVANCED_FACE ( 'NONE', ( #200 ), #1347, .F. ) ;
#976 = ORIENTED_EDGE ( 'NONE', *, *, #1054, .T. ) ;
#977 = DIRECTION ( 'NONE',  ( -0.000000000000000000, -0.000000000000000000, 1.000000000000000000 ) ) ;
#978 = DIRECTION ( 'NONE',  ( -0.6137384604253834919, -0.7895094060203969866, 0.000000000000000000 ) ) ;
#979 = CARTESIAN_POINT ( 'NONE',  ( -20.00000000000000000, 0.000000000000000000, 6.500000000000000000 ) ) ;
#980 = DIRECTION ( 'NONE',  ( 1.000000000000000000, 0.000000000000000000, 0.000000000000000000 ) ) ;
#981 = ORIENTED_EDGE ( 'NONE', *, *, #972, .F. ) ;
#982 = DIRECTION ( 'NONE',  ( 0.000000000000000000, 1.000000000000000000, 0.000000000000000000 ) ) ;
#983 = EDGE_CURVE ( 'NONE', #532, #965, #700, .T. ) ;
#984 = ORIENTED_EDGE ( 'NONE', *, *, #816, .T. ) ;
#985 = ORIENTED_EDGE ( 'NONE', *, *, #725, .T. ) ;
#986 = DIRECTION ( 'NONE',  ( 0.000000000000000000, -0.000000000000000000, -1.000000000000000000 ) ) ;
#987 = DIRECTION ( 'NONE',  ( 1.000000000000000000, 0.000000000000000000, 0.000000000000000000 ) ) ;
#988 = ORIENTED_EDGE ( 'NONE', *, *, #155, .T. ) ;
#989 = DIRECTION ( 'NONE',  ( 0.000000000000000000, -0.000000000000000000, 1.000000000000000000 ) ) ;
#990 = VECTOR ( 'NONE', #1046, 1000.000000000000000 ) ;
#991 = ORIENTED_EDGE ( 'NONE', *, *, #88, .T. ) ;
#992 = EDGE_CURVE ( 'NONE', #482, #372, #448, .T. ) ;
#993 = AXIS2_PLACEMENT_3D ( 'NONE', #717, #1100, #850 ) ;
#994 = PRODUCT ( 'Orelha Direita 2025 V1', 'Orelha Direita 2025 V1', '', ( #834 ) ) ;
#995 = AXIS2_PLACEMENT_3D ( 'NONE', #116, #110, #234 ) ;
#996 = CARTESIAN_POINT ( 'NONE',  ( 10.49999999999999822, 22.50000000000000000, -6.500000000000000000 ) ) ;
#997 = VECTOR ( 'NONE', #632, 1000.000000000000000 ) ;
#998 = CARTESIAN_POINT ( 'NONE',  ( 42.74204024635072585, 4.000000000000010658, 2.001621735086509979 ) ) ;
#999 = ORIENTED_EDGE ( 'NONE', *, *, #431, .T. ) ;
#1000 = FACE_OUTER_BOUND ( 'NONE', #769, .T. ) ;
#1001 = ORIENTED_EDGE ( 'NONE', *, *, #1083, .F. ) ;
#1002 = EDGE_LOOP ( 'NONE', ( #1189, #133, #1395, #242 ) ) ;
#1003 = CARTESIAN_POINT ( 'NONE',  ( 52.74204024634978083, -48.99999999999998579, -1.500000000000003997 ) ) ;
#1004 = CARTESIAN_POINT ( 'NONE',  ( 72.74204024634978794, 0.000000000000000000, 6.500000000000000000 ) ) ;
#1005 = ORIENTED_EDGE ( 'NONE', *, *, #759, .T. ) ;
#1006 = DIRECTION ( 'NONE',  ( -0.000000000000000000, -0.000000000000000000, -1.000000000000000000 ) ) ;
#1007 = VERTEX_POINT ( 'NONE', #1451 ) ;
#1008 = LINE ( 'NONE', #209, #1202 ) ;
#1009 = ORIENTED_EDGE ( 'NONE', *, *, #503, .T. ) ;
#1010 = CARTESIAN_POINT ( 'NONE',  ( -36.37543107805819176, 8.406314852462147158, -6.500000000000000000 ) ) ;
#1011 = LINE ( 'NONE', #17, #566 ) ;
#1012 = ADVANCED_FACE ( 'NONE', ( #1437, #72, #557, #714, #576 ), #1220, .F. ) ;
#1013 = CARTESIAN_POINT ( 'NONE',  ( 72.74204024634978794, -46.49999999999997868, -6.500000000000000000 ) ) ;
#1014 = ORIENTED_EDGE ( 'NONE', *, *, #216, .T. ) ;
#1015 = DIRECTION ( 'NONE',  ( -0.000000000000000000, -1.000000000000000000, -0.000000000000000000 ) ) ;
#1016 = AXIS2_PLACEMENT_3D ( 'NONE', #1237, #103, #922 ) ;
#1017 = CIRCLE ( 'NONE', #642, 1.999999999999039435 ) ;
#1018 = AXIS2_PLACEMENT_3D ( 'NONE', #385, #595, #452 ) ;
#1019 = CARTESIAN_POINT ( 'NONE',  ( -38.37543107805819176, 8.406314852462147158, 3.500000000000000444 ) ) ;
#1020 = CARTESIAN_POINT ( 'NONE',  ( 52.74204024634978083, -38.99999999999998579, -1.500000000000003997 ) ) ;
#1021 = AXIS2_PLACEMENT_3D ( 'NONE', #371, #1006, #1497 ) ;
#1022 = EDGE_CURVE ( 'NONE', #498, #282, #381, .T. ) ;
#1023 = DIRECTION ( 'NONE',  ( -0.000000000000000000, 0.000000000000000000, 1.000000000000000000 ) ) ;
#1024 = EDGE_CURVE ( 'NONE', #1179, #126, #1331, .T. ) ;
#1025 = VERTEX_POINT ( 'NONE', #950 ) ;
#1026 = DIRECTION ( 'NONE',  ( 0.000000000000000000, -0.000000000000000000, 1.000000000000000000 ) ) ;
#1027 = VERTEX_POINT ( 'NONE', #1340 ) ;
#1028 = CARTESIAN_POINT ( 'NONE',  ( 32.74204024634980215, -48.99999999999998579, 6.500000000000000000 ) ) ;
#1029 = CYLINDRICAL_SURFACE ( 'NONE', #1481, 2.500000000000002220 ) ;
#1030 = ORIENTED_EDGE ( 'NONE', *, *, #382, .F. ) ;
#1031 = FACE_OUTER_BOUND ( 'NONE', #236, .T. ) ;
#1032 = EDGE_CURVE ( 'NONE', #1082, #1378, #814, .T. ) ;
#1033 = ORIENTED_EDGE ( 'NONE', *, *, #465, .T. ) ;
#1034 = CARTESIAN_POINT ( 'NONE',  ( -10.95543107805819183, -16.59368514753785462, -6.500000000000000000 ) ) ;
#1035 = CARTESIAN_POINT ( 'NONE',  ( 35.24204024634976662, 4.000000000000010658, 6.500000000000000000 ) ) ;
#1036 = CARTESIAN_POINT ( 'NONE',  ( -36.37543107805819176, 8.406314852462147158, 3.500000000000000444 ) ) ;
#1037 = ORIENTED_EDGE ( 'NONE', *, *, #1139, .T. ) ;
#1038 = FACE_OUTER_BOUND ( 'NONE', #1608, .T. ) ;
#1039 = ORIENTED_EDGE ( 'NONE', *, *, #1142, .T. ) ;
#1040 = ADVANCED_FACE ( 'NONE', ( #1088, #688, #1194 ), #1211, .F. ) ;
#1041 = DIRECTION ( 'NONE',  ( 0.000000000000000000, -0.000000000000000000, -1.000000000000000000 ) ) ;
#1042 = ADVANCED_FACE ( 'NONE', ( #1580 ), #1081, .F. ) ;
#1043 = LINE ( 'NONE', #401, #1070 ) ;
#1044 = CIRCLE ( 'NONE', #1612, 2.500000000000002220 ) ;
#1045 = CIRCLE ( 'NONE', #1560, 1.499999999999997335 ) ;
#1046 = DIRECTION ( 'NONE',  ( 0.000000000000000000, 0.000000000000000000, -1.000000000000000000 ) ) ;
#1047 = AXIS2_PLACEMENT_3D ( 'NONE', #818, #1208, #960 ) ;
#1048 = VERTEX_POINT ( 'NONE', #330 ) ;
#1049 = AXIS2_PLACEMENT_3D ( 'NONE', #919, #1550, #1052 ) ;
#1050 = DIRECTION ( 'NONE',  ( -0.9912370454346501880, -0.1320951163290496611, -0.000000000000000000 ) ) ;
#1051 = EDGE_LOOP ( 'NONE', ( #647, #981, #1272, #1065 ) ) ;
#1052 = DIRECTION ( 'NONE',  ( -1.000000000000000000, 0.000000000000000000, 0.000000000000000000 ) ) ;
#1053 = FACE_OUTER_BOUND ( 'NONE', #1051, .T. ) ;
#1054 = EDGE_CURVE ( 'NONE', #144, #249, #599, .T. ) ;
#1055 = DIRECTION ( 'NONE',  ( -0.000000000000000000, -0.000000000000000000, 1.000000000000000000 ) ) ;
#1056 = ORIENTED_EDGE ( 'NONE', *, *, #533, .T. ) ;
#1057 = DIRECTION ( 'NONE',  ( 0.000000000000000000, 0.000000000000000000, 1.000000000000000000 ) ) ;
#1058 = ORIENTED_EDGE ( 'NONE', *, *, #255, .F. ) ;
#1059 = CARTESIAN_POINT ( 'NONE',  ( 32.74204024634977372, -40.49999999999997158, -6.500000000000000000 ) ) ;
#1060 = CARTESIAN_POINT ( 'NONE',  ( -22.78174593052034780, 54.99999999999999289, 6.500000000000000000 ) ) ;
#1061 = DIRECTION ( 'NONE',  ( 1.000000000000000000, 0.000000000000000000, 0.000000000000000000 ) ) ;
#1062 = EDGE_CURVE ( 'NONE', #649, #1179, #565, .T. ) ;
#1063 = VERTEX_POINT ( 'NONE', #1444 ) ;
#1064 = CARTESIAN_POINT ( 'NONE',  ( 0.000000000000000000, 0.000000000000000000, -6.500000000000000000 ) ) ;
#1065 = ORIENTED_EDGE ( 'NONE', *, *, #155, .F. ) ;
#1066 = DIRECTION ( 'NONE',  ( 0.000000000000000000, 0.000000000000000000, -1.000000000000000000 ) ) ;
#1067 = CIRCLE ( 'NONE', #1016, 2.500000000000002220 ) ;
#1068 = DIRECTION ( 'NONE',  ( -0.000000000000000000, -1.000000000000000000, -0.000000000000000000 ) ) ;
#1069 = DIRECTION ( 'NONE',  ( 0.000000000000000000, 0.000000000000000000, 1.000000000000000000 ) ) ;
#1070 = VECTOR ( 'NONE', #1407, 1000.000000000000000 ) ;
#1071 = EDGE_CURVE ( 'NONE', #749, #564, #104, .T. ) ;
#1072 = ORIENTED_EDGE ( 'NONE', *, *, #1398, .F. ) ;
#1073 = CARTESIAN_POINT ( 'NONE',  ( -44.37543107805816334, -3.686924577591941037E-14, 6.500000000000000000 ) ) ;
#1074 = VECTOR ( 'NONE', #1600, 1000.000000000000000 ) ;
#1075 = EDGE_CURVE ( 'NONE', #1179, #873, #483, .T. ) ;
#1076 = ORIENTED_EDGE ( 'NONE', *, *, #1222, .F. ) ;
#1077 = PLANE ( 'NONE',  #1354 ) ;
#1078 = FACE_OUTER_BOUND ( 'NONE', #1136, .T. ) ;
#1079 = DIRECTION ( 'NONE',  ( -0.000000000000000000, -0.000000000000000000, 1.000000000000000000 ) ) ;
#1080 = ORIENTED_EDGE ( 'NONE', *, *, #1119, .T. ) ;
#1081 = CYLINDRICAL_SURFACE ( 'NONE', #1408, 2.000000000000001776 ) ;
#1082 = VERTEX_POINT ( 'NONE', #213 ) ;
#1083 = EDGE_CURVE ( 'NONE', #249, #442, #721, .T. ) ;
#1084 = DIRECTION ( 'NONE',  ( -0.7071067811865474617, -0.7071067811865474617, 0.000000000000000000 ) ) ;
#1085 = CARTESIAN_POINT ( 'NONE',  ( -20.37543107805819176, -27.59368514753785107, 3.500000000000000444 ) ) ;
#1086 = CARTESIAN_POINT ( 'NONE',  ( -5.050000000000000711, 0.000000000000000000, -2.499999999999999556 ) ) ;
#1087 = VERTEX_POINT ( 'NONE', #1379 ) ;
#1088 = FACE_BOUND ( 'NONE', #1310, .T. ) ;
#1089 = ORIENTED_EDGE ( 'NONE', *, *, #1212, .T. ) ;
#1090 = EDGE_CURVE ( 'NONE', #1378, #815, #779, .T. ) ;
#1091 = DIRECTION ( 'NONE',  ( 1.000000000000000000, 0.000000000000000000, 0.000000000000000000 ) ) ;
#1092 = CARTESIAN_POINT ( 'NONE',  ( 70.24204024634975951, 10.00000000000000888, -6.500000000000000000 ) ) ;
#1093 = ADVANCED_FACE ( 'NONE', ( #499 ), #1491, .F. ) ;
#1094 = DIRECTION ( 'NONE',  ( 1.000000000000000000, 0.000000000000000000, 0.000000000000000000 ) ) ;
#1095 = STYLED_ITEM ( 'NONE', ( #239 ), #477 ) ;
#1096 = ORIENTED_EDGE ( 'NONE', *, *, #465, .F. ) ;
#1097 = CARTESIAN_POINT ( 'NONE',  ( -12.95543107805818828, -16.59368514753785462, 3.500000000000000444 ) ) ;
#1098 = AXIS2_PLACEMENT_3D ( 'NONE', #3, #1382, #373 ) ;
#1099 = ORIENTED_EDGE ( 'NONE', *, *, #485, .F. ) ;
#1100 = DIRECTION ( 'NONE',  ( -0.000000000000000000, 0.000000000000000000, 1.000000000000000000 ) ) ;
#1101 = CIRCLE ( 'NONE', #1410, 1.500000000000003997 ) ;
#1102 = CARTESIAN_POINT ( 'NONE',  ( -22.78174593052034780, 54.99999999999999289, -6.500000000000000000 ) ) ;
#1103 = FACE_OUTER_BOUND ( 'NONE', #1002, .T. ) ;
#1104 = EDGE_CURVE ( 'NONE', #1240, #345, #1238, .T. ) ;
#1105 = ORIENTED_EDGE ( 'NONE', *, *, #1062, .T. ) ;
#1106 = FACE_BOUND ( 'NONE', #118, .T. ) ;
#1107 = VERTEX_POINT ( 'NONE', #602 ) ;
#1108 = CARTESIAN_POINT ( 'NONE',  ( 70.24204024634977372, -48.99999999999998579, -6.500000000000000000 ) ) ;
#1109 = CARTESIAN_POINT ( 'NONE',  ( -12.28174593052023411, 54.99999999999998579, -6.500000000000000000 ) ) ;
#1110 = EDGE_CURVE ( 'NONE', #649, #345, #1614, .T. ) ;
#1111 = ORIENTED_EDGE ( 'NONE', *, *, #921, .T. ) ;
#1112 = CARTESIAN_POINT ( 'NONE',  ( 37.74204024634978083, -38.99999999999998579, 0.000000000000000000 ) ) ;
#1113 = ORIENTED_EDGE ( 'NONE', *, *, #847, .F. ) ;
#1114 = ORIENTED_EDGE ( 'NONE', *, *, #88, .F. ) ;
#1115 = DIRECTION ( 'NONE',  ( 0.000000000000000000, 0.000000000000000000, 1.000000000000000000 ) ) ;
#1116 = LINE ( 'NONE', #589, #1530 ) ;
#1117 = ORIENTED_EDGE ( 'NONE', *, *, #257, .T. ) ;
#1118 = CARTESIAN_POINT ( 'NONE',  ( 32.74204024634977372, 18.77689380066540537, 6.500000000000000000 ) ) ;
#1119 = EDGE_CURVE ( 'NONE', #364, #1247, #871, .T. ) ;
#1120 = AXIS2_PLACEMENT_3D ( 'NONE', #1036, #1288, #1503 ) ;
#1121 = EDGE_LOOP ( 'NONE', ( #374, #1322 ) ) ;
#1122 = CIRCLE ( 'NONE', #1300, 1.999999999999895195 ) ;
#1123 = ADVANCED_FACE ( 'NONE', ( #1106, #476, #1475, #1000 ), #733, .T. ) ;
#1124 = AXIS2_PLACEMENT_3D ( 'NONE', #195, #581, #728 ) ;
#1125 = DIRECTION ( 'NONE',  ( 0.000000000000000000, 0.000000000000000000, -1.000000000000000000 ) ) ;
#1126 = FACE_OUTER_BOUND ( 'NONE', #417, .T. ) ;
#1127 = ORIENTED_EDGE ( 'NONE', *, *, #265, .F. ) ;
#1128 = FACE_OUTER_BOUND ( 'NONE', #85, .T. ) ;
#1129 = ORIENTED_EDGE ( 'NONE', *, *, #1252, .T. ) ;
#1130 = DIRECTION ( 'NONE',  ( 0.000000000000000000, 0.000000000000000000, -1.000000000000000000 ) ) ;
#1131 = ORIENTED_EDGE ( 'NONE', *, *, #1110, .T. ) ;
#1132 = ADVANCED_FACE ( 'NONE', ( #1128 ), #1483, .F. ) ;
#1133 = DIRECTION ( 'NONE',  ( 0.000000000000000000, 1.000000000000000000, 0.000000000000000000 ) ) ;
#1134 = SURFACE_STYLE_FILL_AREA ( #377 ) ;
#1135 = DIRECTION ( 'NONE',  ( -0.7071067811865474617, 0.7071067811865474617, 0.000000000000000000 ) ) ;
#1136 = EDGE_LOOP ( 'NONE', ( #556, #97, #1164, #1515 ) ) ;
#1137 = CARTESIAN_POINT ( 'NONE',  ( 70.24204024634977372, -46.49999999999997868, 6.500000000000000000 ) ) ;
#1138 = ORIENTED_EDGE ( 'NONE', *, *, #178, .F. ) ;
#1139 = EDGE_CURVE ( 'NONE', #1412, #865, #739, .T. ) ;
#1140 = FACE_OUTER_BOUND ( 'NONE', #183, .T. ) ;
#1141 = DIRECTION ( 'NONE',  ( -0.000000000000000000, -1.000000000000000000, -0.000000000000000000 ) ) ;
#1142 = EDGE_CURVE ( 'NONE', #1565, #156, #1359, .T. ) ;
#1143 = FACE_OUTER_BOUND ( 'NONE', #612, .T. ) ;
#1144 = ORIENTED_EDGE ( 'NONE', *, *, #245, .F. ) ;
#1145 = CARTESIAN_POINT ( 'NONE',  ( 31.77638639741322990, 20.75066731571639878, -6.500000000000000000 ) ) ;
#1146 = ORIENTED_EDGE ( 'NONE', *, *, #523, .T. ) ;
#1147 = VECTOR ( 'NONE', #1084, 1000.000000000000114 ) ;
#1148 = AXIS2_PLACEMENT_3D ( 'NONE', #1137, #726, #1350 ) ;
#1149 = PLANE ( 'NONE',  #328 ) ;
#1150 = DIRECTION ( 'NONE',  ( -0.000000000000000000, 0.000000000000000000, 1.000000000000000000 ) ) ;
#1151 = VECTOR ( 'NONE', #854, 1000.000000000000000 ) ;
#1152 = PRODUCT_DEFINITION_FORMATION_WITH_SPECIFIED_SOURCE ( 'ANY', '', #994, .NOT_KNOWN. ) ;
#1153 = CARTESIAN_POINT ( 'NONE',  ( 30.24204024634977372, 18.77689380066540537, 6.500000000000000000 ) ) ;
#1154 = ADVANCED_FACE ( 'NONE', ( #746 ), #1624, .F. ) ;
#1155 = ORIENTED_EDGE ( 'NONE', *, *, #858, .T. ) ;
#1156 = CARTESIAN_POINT ( 'NONE',  ( -25.71067811865475505, -52.07106781186547551, 6.500000000000000000 ) ) ;
#1157 = EDGE_LOOP ( 'NONE', ( #1170, #1206 ) ) ;
#1158 = DIRECTION ( 'NONE',  ( -1.000000000000000000, 0.000000000000000000, 0.000000000000000000 ) ) ;
#1159 =( NAMED_UNIT ( * ) PLANE_ANGLE_UNIT ( ) SI_UNIT ( $, .RADIAN. ) );
#1160 = DIRECTION ( 'NONE',  ( 1.000000000000000000, 0.000000000000000000, 0.000000000000000000 ) ) ;
#1161 = EDGE_CURVE ( 'NONE', #965, #741, #877, .T. ) ;
#1162 = VERTEX_POINT ( 'NONE', #1587 ) ;
#1163 = CARTESIAN_POINT ( 'NONE',  ( 0.000000000000000000, -54.99999999999999289, -6.500000000000000000 ) ) ;
#1164 = ORIENTED_EDGE ( 'NONE', *, *, #1428, .F. ) ;
#1165 = DIRECTION ( 'NONE',  ( -0.000000000000000000, 1.000000000000000000, -0.000000000000000000 ) ) ;
#1166 = DIRECTION ( 'NONE',  ( 0.000000000000000000, 0.000000000000000000, -1.000000000000000000 ) ) ;
#1167 = LINE ( 'NONE', #8, #990 ) ;
#1168 = ORIENTED_EDGE ( 'NONE', *, *, #579, .T. ) ;
#1169 = CARTESIAN_POINT ( 'NONE',  ( 62.74204024635073296, 10.00000000000000888, -1.998378264910128932 ) ) ;
#1170 = ORIENTED_EDGE ( 'NONE', *, *, #858, .F. ) ;
#1171 = EDGE_CURVE ( 'NONE', #78, #973, #1441, .T. ) ;
#1172 = CIRCLE ( 'NONE', #1198, 2.500000000000002220 ) ;
#1173 = DIRECTION ( 'NONE',  ( 0.000000000000000000, 0.000000000000000000, -1.000000000000000000 ) ) ;
#1174 = CARTESIAN_POINT ( 'NONE',  ( -38.89087296526017212, 38.89087296526017212, 6.500000000000000000 ) ) ;
#1175 = AXIS2_PLACEMENT_3D ( 'NONE', #667, #308, #1423 ) ;
#1176 = AXIS2_PLACEMENT_3D ( 'NONE', #824, #193, #703 ) ;
#1177 = PLANE ( 'NONE',  #348 ) ;
#1178 = CIRCLE ( 'NONE', #172, 2.000000000000001776 ) ;
#1179 = VERTEX_POINT ( 'NONE', #1472 ) ;
#1180 = AXIS2_PLACEMENT_3D ( 'NONE', #901, #640, #1431 ) ;
#1181 = DIRECTION ( 'NONE',  ( -0.000000000000000000, -0.000000000000000000, 1.000000000000000000 ) ) ;
#1182 = ORIENTED_EDGE ( 'NONE', *, *, #838, .F. ) ;
#1183 = DIRECTION ( 'NONE',  ( -0.000000000000000000, -0.000000000000000000, -1.000000000000000000 ) ) ;
#1184 = EDGE_CURVE ( 'NONE', #798, #1193, #1384, .T. ) ;
#1185 = CARTESIAN_POINT ( 'NONE',  ( 8.000000000000000000, 22.50000000000000000, 6.500000000000000000 ) ) ;
#1186 = DIRECTION ( 'NONE',  ( 0.000000000000000000, 0.000000000000000000, -1.000000000000000000 ) ) ;
#1187 = ORIENTED_EDGE ( 'NONE', *, *, #515, .T. ) ;
#1188 = DIRECTION ( 'NONE',  ( -0.000000000000000000, 0.000000000000000000, -1.000000000000000000 ) ) ;
#1189 = ORIENTED_EDGE ( 'NONE', *, *, #1022, .F. ) ;
#1190 = DIRECTION ( 'NONE',  ( 0.000000000000000000, -1.000000000000000000, 0.000000000000000000 ) ) ;
#1191 = FACE_OUTER_BOUND ( 'NONE', #626, .T. ) ;
#1192 = EDGE_CURVE ( 'NONE', #815, #1204, #445, .T. ) ;
#1193 = VERTEX_POINT ( 'NONE', #453 ) ;
#1194 = FACE_OUTER_BOUND ( 'NONE', #253, .T. ) ;
#1195 = ORIENTED_EDGE ( 'NONE', *, *, #1024, .T. ) ;
#1196 = DIRECTION ( 'NONE',  ( 1.000000000000000000, 0.000000000000000000, 0.000000000000000000 ) ) ;
#1197 = CYLINDRICAL_SURFACE ( 'NONE', #830, 1.500000000000003997 ) ;
#1198 = AXIS2_PLACEMENT_3D ( 'NONE', #326, #45, #1424 ) ;
#1199 = DIRECTION ( 'NONE',  ( -0.000000000000000000, 0.000000000000000000, -1.000000000000000000 ) ) ;
#1200 = CARTESIAN_POINT ( 'NONE',  ( 42.74204024635072585, 10.00000000000000888, -1.998378264911569113 ) ) ;
#1201 = CIRCLE ( 'NONE', #37, 1.499999999999997335 ) ;
#1202 = VECTOR ( 'NONE', #120, 1000.000000000000000 ) ;
#1203 = ADVANCED_FACE ( 'NONE', ( #1078 ), #953, .F. ) ;
#1204 = VERTEX_POINT ( 'NONE', #83 ) ;
#1205 = DIRECTION ( 'NONE',  ( -0.000000000000000000, -0.000000000000000000, 1.000000000000000000 ) ) ;
#1206 = ORIENTED_EDGE ( 'NONE', *, *, #983, .F. ) ;
#1207 = FACE_OUTER_BOUND ( 'NONE', #80, .T. ) ;
#1208 = DIRECTION ( 'NONE',  ( -0.000000000000000000, 0.000000000000000000, 1.000000000000000000 ) ) ;
#1209 = LINE ( 'NONE', #446, #403 ) ;
#1210 = ORIENTED_EDGE ( 'NONE', *, *, #327, .F. ) ;
#1211 = PLANE ( 'NONE',  #272 ) ;
#1212 = EDGE_CURVE ( 'NONE', #261, #820, #1333, .T. ) ;
#1213 = VERTEX_POINT ( 'NONE', #76 ) ;
#1214 = EDGE_CURVE ( 'NONE', #152, #46, #1597, .T. ) ;
#1215 =( LENGTH_UNIT ( ) NAMED_UNIT ( * ) SI_UNIT ( .MILLI., .METRE. ) );
#1216 = DIRECTION ( 'NONE',  ( 0.7895094060203969866, -0.6137384604253834919, 0.000000000000000000 ) ) ;
#1217 = CARTESIAN_POINT ( 'NONE',  ( 70.24204024634977372, -48.99999999999998579, 6.500000000000000000 ) ) ;
#1218 = FACE_OUTER_BOUND ( 'NONE', #74, .T. ) ;
#1219 = ORIENTED_EDGE ( 'NONE', *, *, #277, .T. ) ;
#1220 = PLANE ( 'NONE',  #169 ) ;
#1221 = ORIENTED_EDGE ( 'NONE', *, *, #443, .F. ) ;
#1222 = EDGE_CURVE ( 'NONE', #532, #124, #186, .T. ) ;
#1223 = CARTESIAN_POINT ( 'NONE',  ( -20.37543107805819176, -27.59368514753785107, 3.500000000000000444 ) ) ;
#1224 = CARTESIAN_POINT ( 'NONE',  ( 32.74204024634977372, 0.000000000000000000, 6.500000000000000000 ) ) ;
#1225 = CYLINDRICAL_SURFACE ( 'NONE', #404, 2.000000000000005329 ) ;
#1226 = CLOSED_SHELL ( 'NONE', ( #788, #315, #1132, #891, #41, #975, #1317, #685, #942, #379, #664, #360, #19, #1446, #391, #1534, #1123, #93, #1040, #225, #546, #1514, #930, #413, #1012, #357, #149, #827, #694, #168, #655, #338, #1349, #1154, #878, #1042, #51, #747, #867, #421, #643, #1093, #1260, #586, #1546, #625, #716, #134, #1418, #1203 ) ) ;
#1227 = VECTOR ( 'NONE', #987, 1000.000000000000000 ) ;
#1228 = EDGE_LOOP ( 'NONE', ( #347, #933, #845, #723 ) ) ;
#1229 = DIRECTION ( 'NONE',  ( 0.000000000000000000, 0.000000000000000000, 1.000000000000000000 ) ) ;
#1230 = AXIS2_PLACEMENT_3D ( 'NONE', #893, #254, #132 ) ;
#1231 = ORIENTED_EDGE ( 'NONE', *, *, #454, .T. ) ;
#1232 = AXIS2_PLACEMENT_3D ( 'NONE', #275, #1041, #1525 ) ;
#1233 = CARTESIAN_POINT ( 'NONE',  ( 37.74204024634978083, -38.99999999999998579, 0.000000000000000000 ) ) ;
#1234 = EDGE_CURVE ( 'NONE', #683, #1162, #210, .T. ) ;
#1235 = DIRECTION ( 'NONE',  ( -0.9912370454346501880, -0.1320951163290496611, -0.000000000000000000 ) ) ;
#1236 = FACE_BOUND ( 'NONE', #109, .T. ) ;
#1237 = CARTESIAN_POINT ( 'NONE',  ( 35.24204024634977372, -40.49999999999997158, 6.500000000000000000 ) ) ;
#1238 = LINE ( 'NONE', #622, #833 ) ;
#1239 = ORIENTED_EDGE ( 'NONE', *, *, #346, .F. ) ;
#1240 = VERTEX_POINT ( 'NONE', #1102 ) ;
#1241 = DIRECTION ( 'NONE',  ( -1.000000000000000000, 0.000000000000000000, 0.000000000000000000 ) ) ;
#1242 = DIRECTION ( 'NONE',  ( 0.000000000000000000, 1.000000000000000000, -0.000000000000000000 ) ) ;
#1243 = ORIENTED_EDGE ( 'NONE', *, *, #809, .F. ) ;
#1244 = CARTESIAN_POINT ( 'NONE',  ( 10.49999999999999822, 22.50000000000000000, -6.500000000000000000 ) ) ;
#1245 = EDGE_CURVE ( 'NONE', #1027, #280, #1448, .T. ) ;
#1246 = ORIENTED_EDGE ( 'NONE', *, *, #579, .F. ) ;
#1247 = VERTEX_POINT ( 'NONE', #843 ) ;
#1248 = DIRECTION ( 'NONE',  ( 0.000000000000000000, 0.000000000000000000, 1.000000000000000000 ) ) ;
#1249 = DIRECTION ( 'NONE',  ( -0.000000000000000000, -0.000000000000000000, -1.000000000000000000 ) ) ;
#1250 = VERTEX_POINT ( 'NONE', #316 ) ;
#1251 = DIRECTION ( 'NONE',  ( -0.000000000000000000, 0.000000000000000000, 1.000000000000000000 ) ) ;
#1252 = EDGE_CURVE ( 'NONE', #282, #498, #1562, .T. ) ;
#1253 = VERTEX_POINT ( 'NONE', #1455 ) ;
#1254 = CIRCLE ( 'NONE', #349, 2.499999999999998668 ) ;
#1255 = CIRCLE ( 'NONE', #542, 2.000000000000005329 ) ;
#1256 = CARTESIAN_POINT ( 'NONE',  ( 32.74204024634980215, -48.99999999999998579, -6.500000000000000000 ) ) ;
#1257 = ORIENTED_EDGE ( 'NONE', *, *, #765, .F. ) ;
#1258 = ORIENTED_EDGE ( 'NONE', *, *, #744, .F. ) ;
#1259 = LINE ( 'NONE', #631, #323 ) ;
#1260 = ADVANCED_FACE ( 'NONE', ( #341 ), #324, .T. ) ;
#1261 = ORIENTED_EDGE ( 'NONE', *, *, #178, .T. ) ;
#1262 = EDGE_CURVE ( 'NONE', #188, #336, #1344, .T. ) ;
#1263 = CARTESIAN_POINT ( 'NONE',  ( 35.24204024634977372, 12.50000000000000711, 6.500000000000000000 ) ) ;
#1264 = DIRECTION ( 'NONE',  ( 1.000000000000000000, 0.000000000000000000, 0.000000000000000000 ) ) ;
#1265 = FACE_OUTER_BOUND ( 'NONE', #607, .T. ) ;
#1266 = VERTEX_POINT ( 'NONE', #1092 ) ;
#1267 = DIRECTION ( 'NONE',  ( -0.000000000000000000, -0.000000000000000000, 1.000000000000000000 ) ) ;
#1268 = FACE_OUTER_BOUND ( 'NONE', #757, .T. ) ;
#1269 = EDGE_CURVE ( 'NONE', #336, #609, #13, .T. ) ;
#1270 = CARTESIAN_POINT ( 'NONE',  ( 72.74204024634978794, 7.500000000000008882, 6.500000000000000000 ) ) ;
#1271 = CARTESIAN_POINT ( 'NONE',  ( 32.74204024634977372, -40.49999999999997158, -6.500000000000000000 ) ) ;
#1272 = ORIENTED_EDGE ( 'NONE', *, *, #286, .F. ) ;
#1273 = DIRECTION ( 'NONE',  ( 0.000000000000000000, -1.000000000000000000, 0.000000000000000000 ) ) ;
#1274 = ORIENTED_EDGE ( 'NONE', *, *, #921, .F. ) ;
#1275 = VECTOR ( 'NONE', #1569, 1000.000000000000114 ) ;
#1276 = AXIS2_PLACEMENT_3D ( 'NONE', #968, #1626, #1343 ) ;
#1277 = DIRECTION ( 'NONE',  ( 0.000000000000000000, 0.000000000000000000, 1.000000000000000000 ) ) ;
#1278 = DIRECTION ( 'NONE',  ( 0.000000000000000000, 0.000000000000000000, 1.000000000000000000 ) ) ;
#1279 = AXIS2_PLACEMENT_3D ( 'NONE', #598, #1351, #1577 ) ;
#1280 = EDGE_CURVE ( 'NONE', #539, #839, #196, .T. ) ;
#1281 =( GEOMETRIC_REPRESENTATION_CONTEXT ( 3 ) GLOBAL_UNCERTAINTY_ASSIGNED_CONTEXT ( ( #318 ) ) GLOBAL_UNIT_ASSIGNED_CONTEXT ( ( #1215, #690, #1582 ) ) REPRESENTATION_CONTEXT ( 'NONE', 'WORKASPACE' ) );
#1282 = DIRECTION ( 'NONE',  ( 0.000000000000000000, -0.000000000000000000, 1.000000000000000000 ) ) ;
#1283 = VERTEX_POINT ( 'NONE', #836 ) ;
#1284 = FACE_OUTER_BOUND ( 'NONE', #493, .T. ) ;
#1285 = ORIENTED_EDGE ( 'NONE', *, *, #1104, .T. ) ;
#1286 = FACE_OUTER_BOUND ( 'NONE', #491, .T. ) ;
#1287 =( NAMED_UNIT ( * ) SI_UNIT ( $, .STERADIAN. ) SOLID_ANGLE_UNIT ( ) );
#1288 = DIRECTION ( 'NONE',  ( 0.000000000000000000, 0.000000000000000000, -1.000000000000000000 ) ) ;
#1289 = ORIENTED_EDGE ( 'NONE', *, *, #1214, .T. ) ;
#1290 = CARTESIAN_POINT ( 'NONE',  ( 72.74204024634978794, -45.49999999999998579, 6.500000000000000000 ) ) ;
#1291 = ORIENTED_EDGE ( 'NONE', *, *, #849, .T. ) ;
#1292 = DIRECTION ( 'NONE',  ( 0.000000000000000000, -1.000000000000000000, 0.000000000000000000 ) ) ;
#1293 = LINE ( 'NONE', #928, #594 ) ;
#1294 = FACE_OUTER_BOUND ( 'NONE', #205, .T. ) ;
#1295 = ORIENTED_EDGE ( 'NONE', *, *, #277, .F. ) ;
#1296 = CYLINDRICAL_SURFACE ( 'NONE', #117, 1.999999999999039435 ) ;
#1297 = EDGE_CURVE ( 'NONE', #749, #336, #1337, .T. ) ;
#1298 = VERTEX_POINT ( 'NONE', #1217 ) ;
#1299 = CIRCLE ( 'NONE', #63, 1.999999999999996669 ) ;
#1300 = AXIS2_PLACEMENT_3D ( 'NONE', #570, #580, #920 ) ;
#1301 = CARTESIAN_POINT ( 'NONE',  ( 42.74204024635072585, 4.000000000000010658, 0.001621735087470321801 ) ) ;
#1302 = CARTESIAN_POINT ( 'NONE',  ( 35.24204024634977372, 10.00000000000000888, -6.500000000000000000 ) ) ;
#1303 = VECTOR ( 'NONE', #591, 1000.000000000000114 ) ;
#1304 = AXIS2_PLACEMENT_3D ( 'NONE', #864, #1366, #229 ) ;
#1305 = DIRECTION ( 'NONE',  ( 1.000000000000000000, 0.000000000000000000, -0.000000000000000000 ) ) ;
#1306 = VECTOR ( 'NONE', #610, 1000.000000000000000 ) ;
#1307 = ORIENTED_EDGE ( 'NONE', *, *, #495, .T. ) ;
#1308 = CIRCLE ( 'NONE', #810, 2.000000000000001776 ) ;
#1309 = CARTESIAN_POINT ( 'NONE',  ( 10.49999999999999822, 22.50000000000000000, 6.500000000000000000 ) ) ;
#1310 = EDGE_LOOP ( 'NONE', ( #1009, #924 ) ) ;
#1311 = DIRECTION ( 'NONE',  ( -1.000000000000000000, 0.000000000000000000, 0.000000000000000000 ) ) ;
#1312 = LINE ( 'NONE', #819, #191 ) ;
#1313 = ORIENTED_EDGE ( 'NONE', *, *, #1586, .T. ) ;
#1314 = CARTESIAN_POINT ( 'NONE',  ( 70.24204024634977372, 4.000000000000010658, 6.500000000000000000 ) ) ;
#1315 = ORIENTED_EDGE ( 'NONE', *, *, #577, .F. ) ;
#1316 = DIRECTION ( 'NONE',  ( 0.000000000000000000, -1.000000000000000000, 0.000000000000000000 ) ) ;
#1317 = ADVANCED_FACE ( 'NONE', ( #68 ), #367, .F. ) ;
#1318 = CARTESIAN_POINT ( 'NONE',  ( -20.00000000000000000, 0.000000000000000000, -2.499999999999999556 ) ) ;
#1319 = DIRECTION ( 'NONE',  ( 0.000000000000000000, 0.000000000000000000, -1.000000000000000000 ) ) ;
#1320 = ORIENTED_EDGE ( 'NONE', *, *, #198, .F. ) ;
#1321 = CARTESIAN_POINT ( 'NONE',  ( -36.37543107805819176, 8.406314852462147158, 3.500000000000000444 ) ) ;
#1322 = ORIENTED_EDGE ( 'NONE', *, *, #1487, .T. ) ;
#1323 = DIRECTION ( 'NONE',  ( 0.000000000000000000, 0.000000000000000000, -1.000000000000000000 ) ) ;
#1324 = VECTOR ( 'NONE', #1249, 1000.000000000000000 ) ;
#1325 = DIRECTION ( 'NONE',  ( 0.000000000000000000, 0.000000000000000000, -1.000000000000000000 ) ) ;
#1326 = LINE ( 'NONE', #1086, #1430 ) ;
#1327 = AXIS2_PLACEMENT_3D ( 'NONE', #691, #811, #1311 ) ;
#1328 = EDGE_CURVE ( 'NONE', #870, #1048, #888, .T. ) ;
#1329 = AXIS2_PLACEMENT_3D ( 'NONE', #322, #1471, #82 ) ;
#1330 = ORIENTED_EDGE ( 'NONE', *, *, #1567, .T. ) ;
#1331 = LINE ( 'NONE', #182, #1303 ) ;
#1332 = EDGE_CURVE ( 'NONE', #1429, #1063, #5, .T. ) ;
#1333 = CIRCLE ( 'NONE', #1510, 14.94999999999999929 ) ;
#1334 = AXIS2_PLACEMENT_3D ( 'NONE', #128, #986, #1621 ) ;
#1335 = ORIENTED_EDGE ( 'NONE', *, *, #959, .T. ) ;
#1336 = PLANE ( 'NONE',  #1589 ) ;
#1337 = LINE ( 'NONE', #203, #325 ) ;
#1338 = CARTESIAN_POINT ( 'NONE',  ( -44.37543107805816334, -3.686924577591941037E-14, 6.500000000000000000 ) ) ;
#1339 = ORIENTED_EDGE ( 'NONE', *, *, #523, .F. ) ;
#1340 = CARTESIAN_POINT ( 'NONE',  ( 32.74204024634977372, 1.500000000000010880, 6.500000000000000000 ) ) ;
#1341 = EDGE_CURVE ( 'NONE', #683, #78, #1255, .T. ) ;
#1342 = ORIENTED_EDGE ( 'NONE', *, *, #816, .F. ) ;
#1343 = DIRECTION ( 'NONE',  ( -1.000000000000000000, 0.000000000000000000, 0.000000000000000000 ) ) ;
#1344 = LINE ( 'NONE', #1561, #859 ) ;
#1345 = PLANE ( 'NONE',  #1457 ) ;
#1346 = ORIENTED_EDGE ( 'NONE', *, *, #1391, .F. ) ;
#1347 = CYLINDRICAL_SURFACE ( 'NONE', #489, 2.000000000000001776 ) ;
#1348 = ORIENTED_EDGE ( 'NONE', *, *, #216, .F. ) ;
#1349 = ADVANCED_FACE ( 'NONE', ( #258 ), #1488, .T. ) ;
#1350 = DIRECTION ( 'NONE',  ( 1.000000000000000000, 0.000000000000000000, 0.000000000000000000 ) ) ;
#1351 = DIRECTION ( 'NONE',  ( 0.000000000000000000, 1.000000000000000000, 0.000000000000000000 ) ) ;
#1352 = CARTESIAN_POINT ( 'NONE',  ( -20.00000000000000000, 0.000000000000000000, -2.499999999999999556 ) ) ;
#1353 = VECTOR ( 'NONE', #32, 1000.000000000000000 ) ;
#1354 = AXIS2_PLACEMENT_3D ( 'NONE', #284, #42, #419 ) ;
#1355 = CARTESIAN_POINT ( 'NONE',  ( 8.000000000000000000, 22.50000000000000000, 6.500000000000000000 ) ) ;
#1356 = CARTESIAN_POINT ( 'NONE',  ( 70.24204024634977372, 6.500000000000009770, 6.500000000000000000 ) ) ;
#1357 = VECTOR ( 'NONE', #12, 1000.000000000000000 ) ;
#1358 = ORIENTED_EDGE ( 'NONE', *, *, #505, .F. ) ;
#1359 = CIRCLE ( 'NONE', #995, 2.500000000000002220 ) ;
#1360 = EDGE_CURVE ( 'NONE', #442, #1554, #754, .T. ) ;
#1361 = VERTEX_POINT ( 'NONE', #1108 ) ;
#1362 = CARTESIAN_POINT ( 'NONE',  ( -12.95543107805818828, -16.59368514753785462, 3.500000000000000444 ) ) ;
#1363 = EDGE_CURVE ( 'NONE', #1365, #1193, #226, .T. ) ;
#1364 = CYLINDRICAL_SURFACE ( 'NONE', #884, 14.94999999999999929 ) ;
#1365 = VERTEX_POINT ( 'NONE', #350 ) ;
#1366 = DIRECTION ( 'NONE',  ( -0.000000000000000000, -1.000000000000000000, -0.000000000000000000 ) ) ;
#1367 = ORIENTED_EDGE ( 'NONE', *, *, #1618, .T. ) ;
#1368 = ORIENTED_EDGE ( 'NONE', *, *, #1024, .F. ) ;
#1369 = CARTESIAN_POINT ( 'NONE',  ( 35.24204024634976662, 1.500000000000010880, -6.500000000000000000 ) ) ;
#1370 = DIRECTION ( 'NONE',  ( 0.000000000000000000, -0.000000000000000000, 1.000000000000000000 ) ) ;
#1371 = EDGE_CURVE ( 'NONE', #306, #159, #1178, .T. ) ;
#1372 = ORIENTED_EDGE ( 'NONE', *, *, #959, .F. ) ;
#1373 = DIRECTION ( 'NONE',  ( -0.000000000000000000, -0.000000000000000000, 1.000000000000000000 ) ) ;
#1374 = VERTEX_POINT ( 'NONE', #1019 ) ;
#1375 = CARTESIAN_POINT ( 'NONE',  ( -12.95543107805818828, -16.59368514753785462, -6.500000000000000000 ) ) ;
#1376 = LINE ( 'NONE', #1270, #296 ) ;
#1377 = EDGE_CURVE ( 'NONE', #214, #221, #463, .T. ) ;
#1378 = VERTEX_POINT ( 'NONE', #735 ) ;
#1379 = CARTESIAN_POINT ( 'NONE',  ( 35.24204024634977372, 10.00000000000000888, 6.500000000000000000 ) ) ;
#1380 = EDGE_CURVE ( 'NONE', #564, #188, #386, .T. ) ;
#1381 = ORIENTED_EDGE ( 'NONE', *, *, #443, .T. ) ;
#1382 = DIRECTION ( 'NONE',  ( 0.000000000000000000, 1.000000000000000000, 0.000000000000000000 ) ) ;
#1383 = AXIS2_PLACEMENT_3D ( 'NONE', #1233, #1015, #1508 ) ;
#1384 = CIRCLE ( 'NONE', #1047, 2.500000000000002220 ) ;
#1385 = DIRECTION ( 'NONE',  ( -1.000000000000000000, 0.000000000000000000, 0.000000000000000000 ) ) ;
#1386 = VECTOR ( 'NONE', #1165, 1000.000000000000000 ) ;
#1387 = DIRECTION ( 'NONE',  ( -0.000000000000000000, 0.000000000000000000, 1.000000000000000000 ) ) ;
#1388 = DIRECTION ( 'NONE',  ( -0.000000000000000000, 0.000000000000000000, -1.000000000000000000 ) ) ;
#1389 = ORIENTED_EDGE ( 'NONE', *, *, #235, .T. ) ;
#1390 = CARTESIAN_POINT ( 'NONE',  ( 67.74204024634977372, -48.99999999999998579, 0.000000000000000000 ) ) ;
#1391 = EDGE_CURVE ( 'NONE', #1213, #123, #44, .T. ) ;
#1392 = DIRECTION ( 'NONE',  ( 0.000000000000000000, 0.000000000000000000, -1.000000000000000000 ) ) ;
#1393 = CARTESIAN_POINT ( 'NONE',  ( 62.74204024635073296, 8.673617379884035472E-15, -1.998378264910128932 ) ) ;
#1394 = PLANE ( 'NONE',  #750 ) ;
#1395 = ORIENTED_EDGE ( 'NONE', *, *, #38, .T. ) ;
#1396 = CARTESIAN_POINT ( 'NONE',  ( -22.37543107805819531, -27.59368514753785107, -6.500000000000000000 ) ) ;
#1397 = VERTEX_POINT ( 'NONE', #1003 ) ;
#1398 = EDGE_CURVE ( 'NONE', #1107, #1412, #861, .T. ) ;
#1399 = CARTESIAN_POINT ( 'NONE',  ( 72.74204024634978794, 7.500000000000008882, -6.500000000000000000 ) ) ;
#1400 = DIRECTION ( 'NONE',  ( 1.000000000000000000, 0.000000000000000000, 0.000000000000000000 ) ) ;
#1401 = ORIENTED_EDGE ( 'NONE', *, *, #1214, .F. ) ;
#1402 = CARTESIAN_POINT ( 'NONE',  ( 42.74204024635072585, 8.673617379884035472E-15, 0.001621735087470321801 ) ) ;
#1403 = EDGE_LOOP ( 'NONE', ( #177, #585 ) ) ;
#1404 = CIRCLE ( 'NONE', #1327, 2.000000000000005329 ) ;
#1405 = VECTOR ( 'NONE', #1267, 1000.000000000000000 ) ;
#1406 = DIRECTION ( 'NONE',  ( -1.000000000000000000, 0.000000000000000000, 0.000000000000000000 ) ) ;
#1407 = DIRECTION ( 'NONE',  ( 0.000000000000000000, -1.000000000000000000, 0.000000000000000000 ) ) ;
#1408 = AXIS2_PLACEMENT_3D ( 'NONE', #1321, #61, #1461 ) ;
#1409 = EDGE_CURVE ( 'NONE', #1048, #870, #571, .T. ) ;
#1410 = AXIS2_PLACEMENT_3D ( 'NONE', #283, #1292, #1173 ) ;
#1411 = CARTESIAN_POINT ( 'NONE',  ( 67.74204024634977372, -48.99999999999998579, 1.499999999999997335 ) ) ;
#1412 = VERTEX_POINT ( 'NONE', #996 ) ;
#1413 = DIRECTION ( 'NONE',  ( 0.000000000000000000, 0.000000000000000000, 1.000000000000000000 ) ) ;
#1414 = ORIENTED_EDGE ( 'NONE', *, *, #909, .T. ) ;
#1415 = CARTESIAN_POINT ( 'NONE',  ( -34.37543107805819176, 8.406314852462147158, 3.500000000000000444 ) ) ;
#1416 = DIRECTION ( 'NONE',  ( 0.000000000000000000, 0.000000000000000000, 1.000000000000000000 ) ) ;
#1417 = CARTESIAN_POINT ( 'NONE',  ( 32.74204024634977372, 0.000000000000000000, 6.500000000000000000 ) ) ;
#1418 = ADVANCED_FACE ( 'NONE', ( #359 ), #1494, .F. ) ;
#1419 = ORIENTED_EDGE ( 'NONE', *, *, #554, .F. ) ;
#1420 = CARTESIAN_POINT ( 'NONE',  ( 8.000000000000000000, 22.50000000000000000, -6.500000000000000000 ) ) ;
#1421 = EDGE_LOOP ( 'NONE', ( #392, #1517, #1313, #879 ) ) ;
#1422 = DIRECTION ( 'NONE',  ( 0.000000000000000000, -0.000000000000000000, -1.000000000000000000 ) ) ;
#1423 = DIRECTION ( 'NONE',  ( 1.000000000000000000, 0.000000000000000000, 0.000000000000000000 ) ) ;
#1424 = DIRECTION ( 'NONE',  ( 1.000000000000000000, 0.000000000000000000, 0.000000000000000000 ) ) ;
#1425 = EDGE_CURVE ( 'NONE', #159, #306, #1308, .T. ) ;
#1426 = ORIENTED_EDGE ( 'NONE', *, *, #127, .F. ) ;
#1427 = LINE ( 'NONE', #1163, #194 ) ;
#1428 = EDGE_CURVE ( 'NONE', #372, #1250, #248, .T. ) ;
#1429 = VERTEX_POINT ( 'NONE', #1256 ) ;
#1430 = VECTOR ( 'NONE', #1055, 1000.000000000000000 ) ;
#1431 = DIRECTION ( 'NONE',  ( -1.000000000000000000, 0.000000000000000000, 0.000000000000000000 ) ) ;
#1432 = CARTESIAN_POINT ( 'NONE',  ( 70.24204024634975951, 7.500000000000008882, 6.500000000000000000 ) ) ;
#1433 = AXIS2_PLACEMENT_3D ( 'NONE', #1420, #1181, #1522 ) ;
#1434 = LINE ( 'NONE', #303, #240 ) ;
#1435 = AXIS2_PLACEMENT_3D ( 'NONE', #1369, #231, #752 ) ;
#1436 = ORIENTED_EDGE ( 'NONE', *, *, #983, .T. ) ;
#1437 = FACE_BOUND ( 'NONE', #764, .T. ) ;
#1438 = ORIENTED_EDGE ( 'NONE', *, *, #399, .T. ) ;
#1439 = EDGE_CURVE ( 'NONE', #636, #140, #376, .T. ) ;
#1440 = DIRECTION ( 'NONE',  ( 1.000000000000000000, 0.000000000000000000, 0.000000000000000000 ) ) ;
#1441 = LINE ( 'NONE', #1465, #596 ) ;
#1442 = CARTESIAN_POINT ( 'NONE',  ( -12.28174593052023233, -54.99999999999999289, -6.500000000000000000 ) ) ;
#1443 = ORIENTED_EDGE ( 'NONE', *, *, #102, .F. ) ;
#1444 = CARTESIAN_POINT ( 'NONE',  ( -12.28174593052045083, -55.00000000000000711, -6.500000000000000000 ) ) ;
#1445 = ORIENTED_EDGE ( 'NONE', *, *, #1524, .F. ) ;
#1446 = ADVANCED_FACE ( 'NONE', ( #1140 ), #659, .F. ) ;
#1447 = FACE_OUTER_BOUND ( 'NONE', #897, .T. ) ;
#1448 = LINE ( 'NONE', #1224, #674 ) ;
#1449 = CARTESIAN_POINT ( 'NONE',  ( -14.95543107805818472, -16.59368514753785462, 3.500000000000000444 ) ) ;
#1450 = ORIENTED_EDGE ( 'NONE', *, *, #1371, .T. ) ;
#1451 = CARTESIAN_POINT ( 'NONE',  ( 70.24204024634975951, -42.99999999999998579, -6.500000000000000000 ) ) ;
#1452 = EDGE_LOOP ( 'NONE', ( #1568, #343, #748, #273 ) ) ;
#1453 = CARTESIAN_POINT ( 'NONE',  ( -12.28174593052023411, 54.99999999999998579, -6.500000000000000000 ) ) ;
#1454 = CIRCLE ( 'NONE', #962, 2.499999999999998668 ) ;
#1455 = CARTESIAN_POINT ( 'NONE',  ( 5.500000000000001776, 22.50000000000000000, 6.500000000000000000 ) ) ;
#1456 = CARTESIAN_POINT ( 'NONE',  ( 70.24204024634975951, -45.49999999999998579, -6.500000000000000000 ) ) ;
#1457 = AXIS2_PLACEMENT_3D ( 'NONE', #1338, #488, #84 ) ;
#1458 = EDGE_CURVE ( 'NONE', #715, #1429, #290, .T. ) ;
#1459 = AXIS2_PLACEMENT_3D ( 'NONE', #707, #441, #54 ) ;
#1460 = EDGE_LOOP ( 'NONE', ( #1609, #1335, #951, #1001 ) ) ;
#1461 = DIRECTION ( 'NONE',  ( -1.000000000000000000, 0.000000000000000000, 0.000000000000000000 ) ) ;
#1462 = AXIS2_PLACEMENT_3D ( 'NONE', #113, #894, #1511 ) ;
#1463 = ORIENTED_EDGE ( 'NONE', *, *, #1567, .F. ) ;
#1464 = CYLINDRICAL_SURFACE ( 'NONE', #1276, 2.000000000000005329 ) ;
#1465 = CARTESIAN_POINT ( 'NONE',  ( -24.37543107805820242, -27.59368514753785107, 3.500000000000000444 ) ) ;
#1466 = CARTESIAN_POINT ( 'NONE',  ( 35.24204024634976662, 4.000000000000010658, -6.500000000000000000 ) ) ;
#1467 = EDGE_CURVE ( 'NONE', #593, #405, #1619, .T. ) ;
#1468 = ORIENTED_EDGE ( 'NONE', *, *, #1332, .T. ) ;
#1469 = DIRECTION ( 'NONE',  ( 0.000000000000000000, 1.000000000000000000, 0.000000000000000000 ) ) ;
#1470 = ORIENTED_EDGE ( 'NONE', *, *, #1083, .T. ) ;
#1471 = DIRECTION ( 'NONE',  ( 0.000000000000000000, -1.000000000000000000, 0.000000000000000000 ) ) ;
#1472 = CARTESIAN_POINT ( 'NONE',  ( -44.37543107805813491, -33.40631485246209564, 6.500000000000000000 ) ) ;
#1473 = CYLINDRICAL_SURFACE ( 'NONE', #616, 1.500000000000003997 ) ;
#1474 = ORIENTED_EDGE ( 'NONE', *, *, #28, .T. ) ;
#1475 = FACE_BOUND ( 'NONE', #1157, .T. ) ;
#1476 = PRODUCT_DEFINITION ( 'UNKNOWN', '', #1152, #787 ) ;
#1477 = ORIENTED_EDGE ( 'NONE', *, *, #1544, .F. ) ;
#1478 = EDGE_CURVE ( 'NONE', #1374, #1595, #807, .T. ) ;
#1479 = CARTESIAN_POINT ( 'NONE',  ( 8.000000000000000000, 22.50000000000000000, -6.500000000000000000 ) ) ;
#1480 = CARTESIAN_POINT ( 'NONE',  ( -22.37543107805819531, -27.59368514753785107, 3.500000000000000444 ) ) ;
#1481 = AXIS2_PLACEMENT_3D ( 'NONE', #1520, #1282, #1160 ) ;
#1482 = ORIENTED_EDGE ( 'NONE', *, *, #809, .T. ) ;
#1483 = CYLINDRICAL_SURFACE ( 'NONE', #1304, 1.499999999999997335 ) ;
#1484 = AXIS2_PLACEMENT_3D ( 'NONE', #47, #550, #1413 ) ;
#1485 = ORIENTED_EDGE ( 'NONE', *, *, #909, .F. ) ;
#1486 = AXIS2_PLACEMENT_3D ( 'NONE', #1518, #393, #1533 ) ;
#1487 = EDGE_CURVE ( 'NONE', #1595, #1374, #1564, .T. ) ;
#1488 = PLANE ( 'NONE',  #1462 ) ;
#1489 = CYLINDRICAL_SURFACE ( 'NONE', #883, 14.94999999999999929 ) ;
#1490 = ORIENTED_EDGE ( 'NONE', *, *, #1234, .T. ) ;
#1491 = CYLINDRICAL_SURFACE ( 'NONE', #516, 1.500000000000003997 ) ;
#1492 = ORIENTED_EDGE ( 'NONE', *, *, #1171, .F. ) ;
#1493 = EDGE_CURVE ( 'NONE', #593, #221, #170, .T. ) ;
#1494 = CYLINDRICAL_SURFACE ( 'NONE', #70, 2.500000000000002220 ) ;
#1495 = LINE ( 'NONE', #712, #722 ) ;
#1496 = VERTEX_POINT ( 'NONE', #1399 ) ;
#1497 = DIRECTION ( 'NONE',  ( -1.000000000000000000, 0.000000000000000000, 0.000000000000000000 ) ) ;
#1498 = ORIENTED_EDGE ( 'NONE', *, *, #1391, .T. ) ;
#1499 = CARTESIAN_POINT ( 'NONE',  ( -34.95000000000000284, 1.830846964725293305E-15, -2.499999999999999556 ) ) ;
#1500 = ORIENTED_EDGE ( 'NONE', *, *, #1245, .T. ) ;
#1501 = DIRECTION ( 'NONE',  ( 0.000000000000000000, 0.000000000000000000, -1.000000000000000000 ) ) ;
#1502 = DIRECTION ( 'NONE',  ( 1.000000000000000000, 0.000000000000000000, 0.000000000000000000 ) ) ;
#1503 = DIRECTION ( 'NONE',  ( -1.000000000000000000, 0.000000000000000000, -0.000000000000000000 ) ) ;
#1504 = AXIS2_PLACEMENT_3D ( 'NONE', #913, #654, #645 ) ;
#1505 = EDGE_CURVE ( 'NONE', #249, #144, #466, .T. ) ;
#1506 = AXIS2_PLACEMENT_3D ( 'NONE', #387, #6, #1166 ) ;
#1507 = ORIENTED_EDGE ( 'NONE', *, *, #1493, .T. ) ;
#1508 = DIRECTION ( 'NONE',  ( 0.000000000000000000, 0.000000000000000000, -1.000000000000000000 ) ) ;
#1509 = CIRCLE ( 'NONE', #673, 1.500000000000003997 ) ;
#1510 = AXIS2_PLACEMENT_3D ( 'NONE', #979, #851, #588 ) ;
#1511 = DIRECTION ( 'NONE',  ( -1.000000000000000000, 0.000000000000000000, -0.000000000000000000 ) ) ;
#1512 = PLANE ( 'NONE',  #724 ) ;
#1513 = PLANE ( 'NONE',  #537 ) ;
#1514 = ADVANCED_FACE ( 'NONE', ( #425 ), #1149, .T. ) ;
#1515 = ORIENTED_EDGE ( 'NONE', *, *, #992, .F. ) ;
#1516 = CARTESIAN_POINT ( 'NONE',  ( 0.000000000000000000, 54.99999999999999289, 6.500000000000000000 ) ) ;
#1517 = ORIENTED_EDGE ( 'NONE', *, *, #503, .F. ) ;
#1518 = CARTESIAN_POINT ( 'NONE',  ( 0.000000000000000000, -54.99999999999999289, 6.500000000000000000 ) ) ;
#1519 = DIRECTION ( 'NONE',  ( -0.000000000000000000, -1.000000000000000000, -0.000000000000000000 ) ) ;
#1520 = CARTESIAN_POINT ( 'NONE',  ( 35.24204024634977372, -40.49999999999997158, 6.500000000000000000 ) ) ;
#1521 = ORIENTED_EDGE ( 'NONE', *, *, #1505, .F. ) ;
#1522 = DIRECTION ( 'NONE',  ( 1.000000000000000000, 0.000000000000000000, 0.000000000000000000 ) ) ;
#1523 = ORIENTED_EDGE ( 'NONE', *, *, #1022, .T. ) ;
#1524 = EDGE_CURVE ( 'NONE', #609, #1266, #784, .T. ) ;
#1525 = DIRECTION ( 'NONE',  ( 1.000000000000000000, 4.163336342344339393E-15, 0.000000000000000000 ) ) ;
#1526 = DIRECTION ( 'NONE',  ( 0.000000000000000000, 0.000000000000000000, 1.000000000000000000 ) ) ;
#1527 = DIRECTION ( 'NONE',  ( 1.000000000000000000, 0.000000000000000000, -0.000000000000000000 ) ) ;
#1528 = ORIENTED_EDGE ( 'NONE', *, *, #255, .T. ) ;
#1529 = CYLINDRICAL_SURFACE ( 'NONE', #1433, 2.499999999999998668 ) ;
#1530 = VECTOR ( 'NONE', #1094, 1000.000000000000000 ) ;
#1531 = ORIENTED_EDGE ( 'NONE', *, *, #1234, .F. ) ;
#1532 = MECHANICAL_DESIGN_GEOMETRIC_PRESENTATION_REPRESENTATION (  '', ( #1095 ), #802 ) ;
#1533 = DIRECTION ( 'NONE',  ( 0.000000000000000000, -0.000000000000000000, 1.000000000000000000 ) ) ;
#1534 = ADVANCED_FACE ( 'NONE', ( #1286 ), #40, .F. ) ;
#1535 = CARTESIAN_POINT ( 'NONE',  ( -0.000000000000000000, 4.000000000000010658, -6.500000000000000000 ) ) ;
#1536 = AXIS2_PLACEMENT_3D ( 'NONE', #1356, #1251, #98 ) ;
#1537 = AXIS2_PLACEMENT_3D ( 'NONE', #307, #184, #450 ) ;
#1538 = LINE ( 'NONE', #889, #163 ) ;
#1539 = ORIENTED_EDGE ( 'NONE', *, *, #1380, .T. ) ;
#1540 = CARTESIAN_POINT ( 'NONE',  ( -38.37543107805819176, 8.406314852462147158, 3.500000000000000444 ) ) ;
#1541 = EDGE_LOOP ( 'NONE', ( #1547, #1507, #1219, #339 ) ) ;
#1542 = LINE ( 'NONE', #521, #15 ) ;
#1543 = CARTESIAN_POINT ( 'NONE',  ( 67.74204024634977372, -42.99999999999998579, 1.499999999999997335 ) ) ;
#1544 = EDGE_CURVE ( 'NONE', #1240, #364, #146, .T. ) ;
#1545 = CARTESIAN_POINT ( 'NONE',  ( -5.050000000000000711, 0.000000000000000000, -2.499999999999999556 ) ) ;
#1546 = ADVANCED_FACE ( 'NONE', ( #1268 ), #23, .T. ) ;
#1547 = ORIENTED_EDGE ( 'NONE', *, *, #1467, .F. ) ;
#1548 = CARTESIAN_POINT ( 'NONE',  ( -34.95000000000000284, 1.830846964725292910E-15, 6.500000000000000000 ) ) ;
#1549 = ORIENTED_EDGE ( 'NONE', *, *, #1062, .F. ) ;
#1550 = DIRECTION ( 'NONE',  ( 0.000000000000000000, 0.000000000000000000, -1.000000000000000000 ) ) ;
#1551 = CYLINDRICAL_SURFACE ( 'NONE', #698, 2.500000000000002220 ) ;
#1552 = CARTESIAN_POINT ( 'NONE',  ( 52.74204024634978083, -38.99999999999998579, 1.500000000000003997 ) ) ;
#1553 = EDGE_CURVE ( 'NONE', #526, #539, #1542, .T. ) ;
#1554 = VERTEX_POINT ( 'NONE', #1034 ) ;
#1555 = CARTESIAN_POINT ( 'NONE',  ( 72.74204024634978794, -45.49999999999998579, 6.500000000000000000 ) ) ;
#1556 = ORIENTED_EDGE ( 'NONE', *, *, #1142, .F. ) ;
#1557 = AXIS2_PLACEMENT_3D ( 'NONE', #52, #310, #837 ) ;
#1558 = LINE ( 'NONE', #470, #410 ) ;
#1559 = CARTESIAN_POINT ( 'NONE',  ( 52.74204024634978083, -38.99999999999998579, 0.000000000000000000 ) ) ;
#1560 = AXIS2_PLACEMENT_3D ( 'NONE', #1390, #461, #508 ) ;
#1561 = CARTESIAN_POINT ( 'NONE',  ( 32.74204024634977372, 12.50000000000000711, -6.500000000000000000 ) ) ;
#1562 = CIRCLE ( 'NONE', #914, 14.94999999999999929 ) ;
#1563 = CARTESIAN_POINT ( 'NONE',  ( -20.00000000000000000, 0.000000000000000000, -2.499999999999999556 ) ) ;
#1564 = CIRCLE ( 'NONE', #1049, 2.000000000000001776 ) ;
#1565 = VERTEX_POINT ( 'NONE', #1059 ) ;
#1566 = DIRECTION ( 'NONE',  ( 8.308481716169680502E-16, -1.000000000000000000, 0.000000000000000000 ) ) ;
#1567 = EDGE_CURVE ( 'NONE', #1247, #749, #223, .T. ) ;
#1568 = ORIENTED_EDGE ( 'NONE', *, *, #838, .T. ) ;
#1569 = DIRECTION ( 'NONE',  ( 0.7071067811865474617, -0.7071067811865474617, 0.000000000000000000 ) ) ;
#1570 = CARTESIAN_POINT ( 'NONE',  ( -12.28174593052023411, 54.99999999999998579, 6.500000000000000000 ) ) ;
#1571 = CARTESIAN_POINT ( 'NONE',  ( -5.050000000000000711, 0.000000000000000000, 6.500000000000000000 ) ) ;
#1572 = EDGE_LOOP ( 'NONE', ( #469, #1320 ) ) ;
#1573 = DIRECTION ( 'NONE',  ( 0.000000000000000000, 0.000000000000000000, 1.000000000000000000 ) ) ;
#1574 = EDGE_LOOP ( 'NONE', ( #804, #190 ) ) ;
#1575 = APPLICATION_PROTOCOL_DEFINITION ( 'draft international standard', 'automotive_design', 1998, #653 ) ;
#1576 = FACE_OUTER_BOUND ( 'NONE', #732, .T. ) ;
#1577 = DIRECTION ( 'NONE',  ( 0.000000000000000000, 0.000000000000000000, 1.000000000000000000 ) ) ;
#1578 = CARTESIAN_POINT ( 'NONE',  ( 32.74204024634977372, -40.49999999999997158, 6.500000000000000000 ) ) ;
#1579 = ORIENTED_EDGE ( 'NONE', *, *, #744, .T. ) ;
#1580 = FACE_OUTER_BOUND ( 'NONE', #1228, .T. ) ;
#1581 = VERTEX_POINT ( 'NONE', #400 ) ;
#1582 =( NAMED_UNIT ( * ) SI_UNIT ( $, .STERADIAN. ) SOLID_ANGLE_UNIT ( ) );
#1583 = VECTOR ( 'NONE', #794, 1000.000000000000000 ) ;
#1584 = LINE ( 'NONE', #1499, #1405 ) ;
#1585 = AXIS2_PLACEMENT_3D ( 'NONE', #427, #812, #561 ) ;
#1586 = EDGE_CURVE ( 'NONE', #405, #214, #908, .T. ) ;
#1587 = CARTESIAN_POINT ( 'NONE',  ( -20.37543107805819176, -27.59368514753785107, -6.500000000000000000 ) ) ;
#1588 = CARTESIAN_POINT ( 'NONE',  ( -20.00000000000000000, 0.000000000000000000, -2.499999999999999556 ) ) ;
#1589 = AXIS2_PLACEMENT_3D ( 'NONE', #835, #202, #501 ) ;
#1590 = VECTOR ( 'NONE', #531, 1000.000000000000000 ) ;
#1591 = EDGE_LOOP ( 'NONE', ( #111, #1490, #1111, #1492 ) ) ;
#1592 = CARTESIAN_POINT ( 'NONE',  ( -24.37543107805820242, -27.59368514753785107, -6.500000000000000000 ) ) ;
#1593 = VECTOR ( 'NONE', #462, 1000.000000000000000 ) ;
#1594 = AXIS2_PLACEMENT_3D ( 'NONE', #792, #1422, #799 ) ;
#1595 = VERTEX_POINT ( 'NONE', #1415 ) ;
#1596 = DIRECTION ( 'NONE',  ( -1.000000000000000000, 0.000000000000000000, 0.000000000000000000 ) ) ;
#1597 = LINE ( 'NONE', #1570, #1593 ) ;
#1598 = CARTESIAN_POINT ( 'NONE',  ( 52.74204024634978083, -38.99999999999998579, 0.000000000000000000 ) ) ;
#1599 = ORIENTED_EDGE ( 'NONE', *, *, #346, .T. ) ;
#1600 = DIRECTION ( 'NONE',  ( -0.000000000000000000, -0.000000000000000000, -1.000000000000000000 ) ) ;
#1601 = ORIENTED_EDGE ( 'NONE', *, *, #708, .F. ) ;
#1602 = ORIENTED_EDGE ( 'NONE', *, *, #1425, .F. ) ;
#1603 = DIRECTION ( 'NONE',  ( 1.000000000000000000, 0.000000000000000000, 0.000000000000000000 ) ) ;
#1604 = FACE_BOUND ( 'NONE', #1574, .T. ) ;
#1605 = ORIENTED_EDGE ( 'NONE', *, *, #1280, .F. ) ;
#1606 = CARTESIAN_POINT ( 'NONE',  ( -12.28174593052023411, 54.99999999999998579, -6.500000000000000000 ) ) ;
#1607 = EDGE_CURVE ( 'NONE', #1397, #424, #1101, .T. ) ;
#1608 = EDGE_LOOP ( 'NONE', ( #467, #1030, #1037, #150 ) ) ;
#1609 = ORIENTED_EDGE ( 'NONE', *, *, #1054, .F. ) ;
#1610 = DIRECTION ( 'NONE',  ( 0.000000000000000000, 0.000000000000000000, 1.000000000000000000 ) ) ;
#1611 = DIRECTION ( 'NONE',  ( -1.000000000000000000, 0.000000000000000000, 0.000000000000000000 ) ) ;
#1612 = AXIS2_PLACEMENT_3D ( 'NONE', #634, #1150, #1264 ) ;
#1613 = VERTEX_POINT ( 'NONE', #418 ) ;
#1614 = LINE ( 'NONE', #492, #1074 ) ;
#1615 = VECTOR ( 'NONE', #1188, 1000.000000000000000 ) ;
#1616 = ORIENTED_EDGE ( 'NONE', *, *, #533, .F. ) ;
#1617 = VECTOR ( 'NONE', #1566, 1000.000000000000000 ) ;
#1618 = EDGE_CURVE ( 'NONE', #1087, #188, #781, .T. ) ;
#1619 = CIRCLE ( 'NONE', #943, 1.999999999999039435 ) ;
#1620 = EDGE_CURVE ( 'NONE', #973, #1162, #544, .T. ) ;
#1621 = DIRECTION ( 'NONE',  ( 1.000000000000000000, 0.000000000000000000, 0.000000000000000000 ) ) ;
#1622 = CARTESIAN_POINT ( 'NONE',  ( 8.000000000000000000, 22.50000000000000000, -6.500000000000000000 ) ) ;
#1623 = ORIENTED_EDGE ( 'NONE', *, *, #1071, .F. ) ;
#1624 = CYLINDRICAL_SURFACE ( 'NONE', #1021, 1.999999999999996669 ) ;
#1625 = ORIENTED_EDGE ( 'NONE', *, *, #38, .F. ) ;
#1626 = DIRECTION ( 'NONE',  ( -0.000000000000000000, -0.000000000000000000, -1.000000000000000000 ) ) ;
#1627 = VERTEX_POINT ( 'NONE', #702 ) ;
#1628 = DIRECTION ( 'NONE',  ( -0.000000000000000000, -0.000000000000000000, -1.000000000000000000 ) ) ;
#1629 = EDGE_CURVE ( 'NONE', #1063, #1627, #1558, .T. ) ;
ENDSEC;
END-ISO-10303-21;
